fuente_pdf,pagina_aprox,sector,fondo_documental,unidad_productora,fraccion_documental,codigo_serie,serie_documental,tipo_documento,valor_serie,retencion_ag,retencion_ap,retencion_oaa,retencion_total,valoracion_decision,valoracion_destino,valoracion_momento,valoracion_justifica,hash_fila
anexo2_layout.txt,1,2. Nombre de la entidad:,SEGURO SOCIAL DE SALUD (EsSalud),SEGURO SOCIAL DE SALUD (EsSalud),CODI,CODI/01,ACTAS DE SESIONES,ACTAS DE SESIONES,PERMANENTE,2,0,28,30,TRANSFERENCIA,Archivo Central,Conservar en Archivo Central de forma indefinida.,Conservacion permanente segun PCD,bea06c154e8fd4df85b5f31938d1add802439889206682d72ca0cd11045e7739
anexo2_layout.txt,1,2. Nombre de la entidad:,SEGURO SOCIAL DE SALUD (EsSalud),SEGURO SOCIAL DE SALUD (EsSalud),CODI,CODI/02,CORRESPONDENCIA,CORRESPONDENCIA,TEMPORAL,2,0,6,8,ELIMINACION,Archivo de Gestion/Periferico,Ejecutar eliminacion documental conforme PCD/AGN.,Agotado el valor primario y vencidos plazos reglados en AG/AP/OAA.,b9e86e404baab00fd76b312329a3de48083571a7d83394f187d8f50bc84e2646
anexo2_layout.txt,2,2. Nombre de la entidad:,SEGURO SOCIAL DE SALUD (EsSalud),SEGURO SOCIAL DE SALUD (EsSalud),PREJ,PREJ/01,RESOLUCIONES,RESOLUCIONES,PERMANENTE,2,0,28,30,TRANSFERENCIA,Archivo Central,Conservar en Archivo Central de forma indefinida.,Conservacion permanente segun PCD,1d7b89249d14014dc23c20beb45b9873a9c6c096df64b213d2b9a8862f052cd2
anexo2_layout.txt,2,2. Nombre de la entidad:,SEGURO SOCIAL DE SALUD (EsSalud),SEGURO SOCIAL DE SALUD (EsSalud),PREJ,PREJ/02,PRONUNCIAMIENTOS,PRONUNCIAMIENTOS,PERMANENTE,2,0,28,30,TRANSFERENCIA,Archivo Central,Conservar en Archivo Central de forma indefinida.,Conservacion permanente segun PCD,bd0a3b285de2fd3e88512e78ea3ecd1e4c5e4233fa3434ff3f5941f2ab087aaa
anexo2_layout.txt,2,2. Nombre de la entidad:,SEGURO SOCIAL DE SALUD (EsSalud),SEGURO SOCIAL DE SALUD (EsSalud),PREJ,PREJ/03,CORRESPONDENCIA,CORRESPONDENCIA,TEMPORAL,2,0,6,8,ELIMINACION,Archivo de Gestion/Periferico,Ejecutar eliminacion documental conforme PCD/AGN.,Agotado el valor primario y vencidos plazos reglados en AG/AP/OAA.,425fe0071856c758a8d6316077c0172e073da71da952d86c351fe51aa954b1a8
anexo2_layout.txt,3,2. Nombre de la entidad:,SEGURO SOCIAL DE SALUD (EsSalud),SEGURO SOCIAL DE SALUD (EsSalud),COIN,COIN/01,RESOLUCIONES JEFATURALES,RESOLUCIONES JEFATURALES,PERMANENTE,2,8,20,30,TRANSFERENCIA,Archivo Central,Conservar en Archivo Central de forma indefinida.,Conservacion permanente segun PCD,1abfa649c40b7ff34513cba70b38e9471b79d34b68f5ac81b5a8dd9866f77e0e
anexo2_layout.txt,3,2. Nombre de la entidad:,SEGURO SOCIAL DE SALUD (EsSalud),SEGURO SOCIAL DE SALUD (EsSalud),COIN,COIN/02,ACCIONES DE CONTROL,ACCIONES DE CONTROL,TEMPORAL,2,8,5,15,ELIMINACION,Archivo Central (opcional/intermedio),Ejecutar eliminacion documental conforme PCD/AGN.,Agotado el valor primario y vencidos plazos reglados en AG/AP/OAA.,f1dd983adb531c69e1ce02caeffc7e8cc6e3bf9b1acbab70cc551813ae045792
anexo2_layout.txt,3,2. Nombre de la entidad:,SEGURO SOCIAL DE SALUD (EsSalud),SEGURO SOCIAL DE SALUD (EsSalud),COIN,COIN/03,ACTIVIDADES DE CONTROL,ACTIVIDADES DE CONTROL,TEMPORAL,2,8,5,15,ELIMINACION,Archivo Central (opcional/intermedio),Ejecutar eliminacion documental conforme PCD/AGN.,Agotado el valor primario y vencidos plazos reglados en AG/AP/OAA.,b689a4e2a95f591eb555910eacbb9e993c75e70b9c5c1cd7110b922d9bc61644
anexo2_layout.txt,3,2. Nombre de la entidad:,SEGURO SOCIAL DE SALUD (EsSalud),SEGURO SOCIAL DE SALUD (EsSalud),COIN,COIN/04,CORRESPONDENCIA,CORRESPONDENCIA,TEMPORAL,2,8,2,12,ELIMINACION,Archivo Central (opcional/intermedio),Ejecutar eliminacion documental conforme PCD/AGN.,Agotado el valor primario y vencidos plazos reglados en AG/AP/OAA.,75ea78ecb536d896528fab110915dde875fb0a2641a0f625006c9bedc7214aaf
anexo2_layout.txt,4,2. Nombre de la entidad:,SEGURO SOCIAL DE SALUD (EsSalud),SEGURO SOCIAL DE SALUD (EsSalud),COCA,COCA/01,CORRESPONDENCIA,CORRESPONDENCIA,TEMPORAL,2,8,2,12,ELIMINACION,Archivo Central (opcional/intermedio),Ejecutar eliminacion documental conforme PCD/AGN.,Agotado el valor primario y vencidos plazos reglados en AG/AP/OAA.,099f0c119d3f133f74494a87a50477924d0a1fcd64772ed7462bfa479d17c2b6
anexo2_layout.txt,5,2. Nombre de la entidad:,SEGURO SOCIAL DE SALUD (EsSalud),SEGURO SOCIAL DE SALUD (EsSalud),AGMC,AGMC/01,INFORMES DE SOCIEDADES AUDITORAS,INFORMES DE SOCIEDADES AUDITORAS,TEMPORAL,2,8,5,15,ELIMINACION,Archivo Central (opcional/intermedio),Ejecutar eliminacion documental conforme PCD/AGN.,Agotado el valor primario y vencidos plazos reglados en AG/AP/OAA.,98c4416e0eff629ba54c68154f6c3736abdc7a4b32968eeff7fab2831f43f8be
anexo2_layout.txt,5,2. Nombre de la entidad:,SEGURO SOCIAL DE SALUD (EsSalud),SEGURO SOCIAL DE SALUD (EsSalud),AGMC,AGMC/02,INFORMES DE SEGUIMIENTOS DE MEDIDAS CORRECTIVAS,INFORMES DE SEGUIMIENTOS DE MEDIDAS CORRECTIVAS,TEMPORAL,2,8,5,15,ELIMINACION,Archivo Central (opcional/intermedio),Ejecutar eliminacion documental conforme PCD/AGN.,Agotado el valor primario y vencidos plazos reglados en AG/AP/OAA.,96dd39d5f4dbe6c031b46b9610062f07e0fb539e5b58cbef171ca2928f09783f
anexo2_layout.txt,5,2. Nombre de la entidad:,SEGURO SOCIAL DE SALUD (EsSalud),SEGURO SOCIAL DE SALUD (EsSalud),AGMC,AGMC/03,VEEDURIAS,VEEDURIAS,TEMPORAL,2,8,5,15,ELIMINACION,Archivo Central (opcional/intermedio),Ejecutar eliminacion documental conforme PCD/AGN.,Agotado el valor primario y vencidos plazos reglados en AG/AP/OAA.,71f1d43d64a38d6519815e8c59d373edaeb52612ec92337da794fa0731f7b7f3
anexo2_layout.txt,5,2. Nombre de la entidad:,SEGURO SOCIAL DE SALUD (EsSalud),SEGURO SOCIAL DE SALUD (EsSalud),AGMC,AGMC/04,CORRESPONDENCIA,CORRESPONDENCIA,TEMPORAL,2,8,2,12,ELIMINACION,Archivo Central (opcional/intermedio),Ejecutar eliminacion documental conforme PCD/AGN.,Agotado el valor primario y vencidos plazos reglados en AG/AP/OAA.,4c81d67ab6a58bec5e9ed220680d2f26accda97b5a885d05aed17bcd2357721a
anexo2_layout.txt,6,2. Nombre de la entidad:,SEGURO SOCIAL DE SALUD (EsSalud),SEGURO SOCIAL DE SALUD (EsSalud),APGE,APGE/01,CORRESPONDENCIA,CORRESPONDENCIA,TEMPORAL,2,8,2,12,ELIMINACION,Archivo Central (opcional/intermedio),Ejecutar eliminacion documental conforme PCD/AGN.,Agotado el valor primario y vencidos plazos reglados en AG/AP/OAA.,21014143cac8bb48a03f992f1ff5aba3682d54244bbc30c22630b561b487e435
anexo2_layout.txt,7,2. Nombre de la entidad:,SEGURO SOCIAL DE SALUD (EsSalud),SEGURO SOCIAL DE SALUD (EsSalud),SEMC,SEMC/01,CORRESPONDENCIA,CORRESPONDENCIA,TEMPORAL,2,8,2,12,ELIMINACION,Archivo Central (opcional/intermedio),Ejecutar eliminacion documental conforme PCD/AGN.,Agotado el valor primario y vencidos plazos reglados en AG/AP/OAA.,99a4d278ec3ae08b8c126ad73bca94afa006932135929d86d933ae866f517285
anexo2_layout.txt,8,2. Nombre de la entidad:,SEGURO SOCIAL DE SALUD (EsSalud),SEGURO SOCIAL DE SALUD (EsSalud),COCE,COCE/01,EXPEDIENTES DE QUEJAS Y DENUNCIAS,EXPEDIENTES DE QUEJAS Y DENUNCIAS,TEMPORAL,2,8,5,15,ELIMINACION,Archivo Central (opcional/intermedio),Ejecutar eliminacion documental conforme PCD/AGN.,Agotado el valor primario y vencidos plazos reglados en AG/AP/OAA.,075752d1b84d0ad69dd5a747252dde975ae0a55e31eeedd1f12b6230503d5957
anexo2_layout.txt,8,2. Nombre de la entidad:,SEGURO SOCIAL DE SALUD (EsSalud),SEGURO SOCIAL DE SALUD (EsSalud),COCE,COCE/02,HOJAS DE EVALUACIONES,HOJAS DE EVALUACIONES,TEMPORAL,2,8,5,15,ELIMINACION,Archivo Central (opcional/intermedio),Ejecutar eliminacion documental conforme PCD/AGN.,Agotado el valor primario y vencidos plazos reglados en AG/AP/OAA.,733f37bea6392d68faf7dde31f20fd7434fd4ddfde8066c80773b60d00581a22
anexo2_layout.txt,8,2. Nombre de la entidad:,SEGURO SOCIAL DE SALUD (EsSalud),SEGURO SOCIAL DE SALUD (EsSalud),COCE,COCE/03,PAPELES DE TRABAJO,PAPELES DE TRABAJO,TEMPORAL,2,8,5,15,ELIMINACION,Archivo Central (opcional/intermedio),Ejecutar eliminacion documental conforme PCD/AGN.,Agotado el valor primario y vencidos plazos reglados en AG/AP/OAA.,f43d1b0a76c59ecdfe5b2974b7fa75025d739d0c966faddfe5f6c5bcee042df6
anexo2_layout.txt,8,2. Nombre de la entidad:,SEGURO SOCIAL DE SALUD (EsSalud),SEGURO SOCIAL DE SALUD (EsSalud),COCE,COCE/04,CORRESPONDENCIA,CORRESPONDENCIA,TEMPORAL,2,8,2,12,ELIMINACION,Archivo Central (opcional/intermedio),Ejecutar eliminacion documental conforme PCD/AGN.,Agotado el valor primario y vencidos plazos reglados en AG/AP/OAA.,a458221634f801b3e12be4e71a4cb9451b85c8d8b15563b574c72df3cbb3f623
anexo2_layout.txt,9,2. Nombre de la entidad:,SEGURO SOCIAL DE SALUD (EsSalud),SEGURO SOCIAL DE SALUD (EsSalud),COC1,COC1/01,CORRESPONDENCIA,CORRESPONDENCIA,TEMPORAL,2,8,2,12,ELIMINACION,Archivo Central (opcional/intermedio),Ejecutar eliminacion documental conforme PCD/AGN.,Agotado el valor primario y vencidos plazos reglados en AG/AP/OAA.,092629101fcf9cd275445b17ac706bc10e555c94223ad3859a226e06635ddaa9
anexo2_layout.txt,10,2. Nombre de la entidad:,SEGURO SOCIAL DE SALUD (EsSalud),SEGURO SOCIAL DE SALUD (EsSalud),COC2,COC2/01,CORRESPONDENCIA,CORRESPONDENCIA,TEMPORAL,2,8,2,12,ELIMINACION,Archivo Central (opcional/intermedio),Ejecutar eliminacion documental conforme PCD/AGN.,Agotado el valor primario y vencidos plazos reglados en AG/AP/OAA.,ddb315144f2068c9efec8997c72d9511baeb33d77fc032d2a41c773fdfa9db29
anexo2_layout.txt,11,2. Nombre de la entidad:,SEGURO SOCIAL DE SALUD (EsSalud),SEGURO SOCIAL DE SALUD (EsSalud),COD1,COD1/01,EXPEDIENTES DE QUEJAS Y DENUNCIAS,EXPEDIENTES DE QUEJAS Y DENUNCIAS,TEMPORAL,2,8,5,15,ELIMINACION,Archivo Central (opcional/intermedio),Ejecutar eliminacion documental conforme PCD/AGN.,Agotado el valor primario y vencidos plazos reglados en AG/AP/OAA.,320794f6aee545395db842d59878718fe963ab906a78a20c99acc88986f1cd89
anexo2_layout.txt,11,2. Nombre de la entidad:,SEGURO SOCIAL DE SALUD (EsSalud),SEGURO SOCIAL DE SALUD (EsSalud),COD1,COD1/02,HOJAS DE EVALUACIONES,HOJAS DE EVALUACIONES,TEMPORAL,2,8,5,15,ELIMINACION,Archivo Central (opcional/intermedio),Ejecutar eliminacion documental conforme PCD/AGN.,Agotado el valor primario y vencidos plazos reglados en AG/AP/OAA.,4376c23dcabfac43507edb0e80ce0c344a0562c397acd898bdc2040fc81bed95
anexo2_layout.txt,11,2. Nombre de la entidad:,SEGURO SOCIAL DE SALUD (EsSalud),SEGURO SOCIAL DE SALUD (EsSalud),COD1,COD1/03,PAPELES DE TRABAJO,PAPELES DE TRABAJO,TEMPORAL,2,8,5,15,ELIMINACION,Archivo Central (opcional/intermedio),Ejecutar eliminacion documental conforme PCD/AGN.,Agotado el valor primario y vencidos plazos reglados en AG/AP/OAA.,eafeb63fd72673f01ea634fd44fb23032e271be90c17dfd69c1397742396b4d3
anexo2_layout.txt,11,2. Nombre de la entidad:,SEGURO SOCIAL DE SALUD (EsSalud),SEGURO SOCIAL DE SALUD (EsSalud),COD1,COD1/04,CORRESPONDENCIA,CORRESPONDENCIA,TEMPORAL,2,8,2,12,ELIMINACION,Archivo Central (opcional/intermedio),Ejecutar eliminacion documental conforme PCD/AGN.,Agotado el valor primario y vencidos plazos reglados en AG/AP/OAA.,e8c5b7a318990725132f152fa4e0f15acd3fe64812a301b5372177c67ff0e061
anexo2_layout.txt,12,2. Nombre de la entidad:,SEGURO SOCIAL DE SALUD (EsSalud),SEGURO SOCIAL DE SALUD (EsSalud),CD11,CD11/01,CORRESPONDENCIA,CORRESPONDENCIA,TEMPORAL,2,8,2,12,ELIMINACION,Archivo Central (opcional/intermedio),Ejecutar eliminacion documental conforme PCD/AGN.,Agotado el valor primario y vencidos plazos reglados en AG/AP/OAA.,e465e15c979b918817be5ba78c7b6cd767a2fda044488a1870d596a0a3421e8c
anexo2_layout.txt,13,2. Nombre de la entidad:,SEGURO SOCIAL DE SALUD (EsSalud),SEGURO SOCIAL DE SALUD (EsSalud),CD12,CD12/01,CORRESPONDENCIA,CORRESPONDENCIA,TEMPORAL,2,8,2,12,ELIMINACION,Archivo Central (opcional/intermedio),Ejecutar eliminacion documental conforme PCD/AGN.,Agotado el valor primario y vencidos plazos reglados en AG/AP/OAA.,4a182f85f8a6be9b91ab5066198867be3426f81fa848fcf42493ce80265ffa1d
anexo2_layout.txt,14,2. Nombre de la entidad:,SEGURO SOCIAL DE SALUD (EsSalud),SEGURO SOCIAL DE SALUD (EsSalud),CD13,CD13/01,CORRESPONDENCIA,CORRESPONDENCIA,TEMPORAL,2,8,2,12,ELIMINACION,Archivo Central (opcional/intermedio),Ejecutar eliminacion documental conforme PCD/AGN.,Agotado el valor primario y vencidos plazos reglados en AG/AP/OAA.,5aef4f7c182e8ca8287e1d947a1d14dfa602f6e835388593d012916ae7715987
anexo2_layout.txt,15,2. Nombre de la entidad:,SEGURO SOCIAL DE SALUD (EsSalud),SEGURO SOCIAL DE SALUD (EsSalud),CD14,CD14/01,CORRESPONDENCIA,CORRESPONDENCIA,TEMPORAL,2,8,2,12,ELIMINACION,Archivo Central (opcional/intermedio),Ejecutar eliminacion documental conforme PCD/AGN.,Agotado el valor primario y vencidos plazos reglados en AG/AP/OAA.,db35ff7f784f184765646980675d93232ec7369fb1180410d0736496acc212a1
anexo2_layout.txt,16,2. Nombre de la entidad:,SEGURO SOCIAL DE SALUD (EsSalud),SEGURO SOCIAL DE SALUD (EsSalud),COD2,COD2/01,EXPEDIENTES DE QUEJAS Y DENUNCIAS,EXPEDIENTES DE QUEJAS Y DENUNCIAS,TEMPORAL,2,8,5,15,ELIMINACION,Archivo Central (opcional/intermedio),Ejecutar eliminacion documental conforme PCD/AGN.,Agotado el valor primario y vencidos plazos reglados en AG/AP/OAA.,0be35eef27bfb8d40dbc15724d2061363b016acc85ce6e6bf9a30daef02f0fff
anexo2_layout.txt,16,2. Nombre de la entidad:,SEGURO SOCIAL DE SALUD (EsSalud),SEGURO SOCIAL DE SALUD (EsSalud),COD2,COD2/02,HOJAS DE EVALUACIONES,HOJAS DE EVALUACIONES,TEMPORAL,2,8,5,15,ELIMINACION,Archivo Central (opcional/intermedio),Ejecutar eliminacion documental conforme PCD/AGN.,Agotado el valor primario y vencidos plazos reglados en AG/AP/OAA.,3bb94800f60917ec2d68d0bc21c7e5a126709478e85bcb601f5ae33c704ad2b0
anexo2_layout.txt,16,2. Nombre de la entidad:,SEGURO SOCIAL DE SALUD (EsSalud),SEGURO SOCIAL DE SALUD (EsSalud),COD2,COD2/03,PAPELES DE TRABAJO,PAPELES DE TRABAJO,TEMPORAL,2,8,5,15,ELIMINACION,Archivo Central (opcional/intermedio),Ejecutar eliminacion documental conforme PCD/AGN.,Agotado el valor primario y vencidos plazos reglados en AG/AP/OAA.,a4c2eea72eb268196b44f117cde9621ac76c361d610103c0bb535b296e8c7ae2
anexo2_layout.txt,16,2. Nombre de la entidad:,SEGURO SOCIAL DE SALUD (EsSalud),SEGURO SOCIAL DE SALUD (EsSalud),COD2,COD2/04,CORRESPONDENCIA,CORRESPONDENCIA,TEMPORAL,2,6,2,10,ELIMINACION,Archivo Central (opcional/intermedio),Ejecutar eliminacion documental conforme PCD/AGN.,Agotado el valor primario y vencidos plazos reglados en AG/AP/OAA.,33026ecce03bdc68f4d32e9c6eeba02aef95606f874ea75194d6b2a3df784195
anexo2_layout.txt,17,2. Nombre de la entidad:,SEGURO SOCIAL DE SALUD (EsSalud),SEGURO SOCIAL DE SALUD (EsSalud),CD21,CD21/01,CORRESPONDENCIA,CORRESPONDENCIA,TEMPORAL,2,8,2,12,ELIMINACION,Archivo Central (opcional/intermedio),Ejecutar eliminacion documental conforme PCD/AGN.,Agotado el valor primario y vencidos plazos reglados en AG/AP/OAA.,229441fe5f42dbc2f12b7604c00139d404a6846bf25f4dcd1dd49d0812699cfd
anexo2_layout.txt,18,2. Nombre de la entidad:,SEGURO SOCIAL DE SALUD (EsSalud),SEGURO SOCIAL DE SALUD (EsSalud),CD22,CD22/01,CORRESPONDENCIA,CORRESPONDENCIA,TEMPORAL,2,8,2,12,ELIMINACION,Archivo Central (opcional/intermedio),Ejecutar eliminacion documental conforme PCD/AGN.,Agotado el valor primario y vencidos plazos reglados en AG/AP/OAA.,55b790db4250b7f7e762ab0f076cda707b33d9e80a437033d3a78a3a2e172384
anexo2_layout.txt,19,2. Nombre de la entidad:,SEGURO SOCIAL DE SALUD (EsSalud),SEGURO SOCIAL DE SALUD (EsSalud),CD23,CD23/01,CORRESPONDENCIA,CORRESPONDENCIA,TEMPORAL,2,8,2,12,ELIMINACION,Archivo Central (opcional/intermedio),Ejecutar eliminacion documental conforme PCD/AGN.,Agotado el valor primario y vencidos plazos reglados en AG/AP/OAA.,1f3fd1613f8b1a43a6fbfbb13896c2a9c98cc2e83dffd6987b8cb7ee7ed55838
anexo2_layout.txt,20,2. Nombre de la entidad:,SEGURO SOCIAL DE SALUD (EsSalud),SEGURO SOCIAL DE SALUD (EsSalud),COD3,COD3/01,EXPEDIENTES DE QUEJAS Y DENUNCIAS,EXPEDIENTES DE QUEJAS Y DENUNCIAS,TEMPORAL,2,8,5,15,ELIMINACION,Archivo Central (opcional/intermedio),Ejecutar eliminacion documental conforme PCD/AGN.,Agotado el valor primario y vencidos plazos reglados en AG/AP/OAA.,202c139d7eb68a6f38e985aa60d035c4a61b4e93033a395ede0a0ca76e93ca37
anexo2_layout.txt,20,2. Nombre de la entidad:,SEGURO SOCIAL DE SALUD (EsSalud),SEGURO SOCIAL DE SALUD (EsSalud),COD3,COD3/02,HOJAS DE EVALUACIONES,HOJAS DE EVALUACIONES,TEMPORAL,2,8,5,15,ELIMINACION,Archivo Central (opcional/intermedio),Ejecutar eliminacion documental conforme PCD/AGN.,Agotado el valor primario y vencidos plazos reglados en AG/AP/OAA.,3c845868913a805ef9f41d834a52809e97d769b538577b11f7fc4be9d6adb794
anexo2_layout.txt,20,2. Nombre de la entidad:,SEGURO SOCIAL DE SALUD (EsSalud),SEGURO SOCIAL DE SALUD (EsSalud),COD3,COD3/03,PAPELES DE TRABAJO,PAPELES DE TRABAJO,TEMPORAL,2,8,5,15,ELIMINACION,Archivo Central (opcional/intermedio),Ejecutar eliminacion documental conforme PCD/AGN.,Agotado el valor primario y vencidos plazos reglados en AG/AP/OAA.,d23a01c604945e4a59253228a15fc5088c68c37cfdfe4374f2faaeec8f5c9704
anexo2_layout.txt,20,2. Nombre de la entidad:,SEGURO SOCIAL DE SALUD (EsSalud),SEGURO SOCIAL DE SALUD (EsSalud),COD3,COD3/04,CORRESPONDENCIA,CORRESPONDENCIA,TEMPORAL,2,8,2,12,ELIMINACION,Archivo Central (opcional/intermedio),Ejecutar eliminacion documental conforme PCD/AGN.,Agotado el valor primario y vencidos plazos reglados en AG/AP/OAA.,a027ed9e1265be82bc03dc017adf0cb4cb4625edd9af9041b290890854a993f3
anexo2_layout.txt,21,2. Nombre de la entidad:,SEGURO SOCIAL DE SALUD (EsSalud),SEGURO SOCIAL DE SALUD (EsSalud),CD31,CD31/01,CORRESPONDENCIA,CORRESPONDENCIA,TEMPORAL,2,8,2,12,ELIMINACION,Archivo Central (opcional/intermedio),Ejecutar eliminacion documental conforme PCD/AGN.,Agotado el valor primario y vencidos plazos reglados en AG/AP/OAA.,6e57b104c8e269e0cd780e0ab6b6932fedff4b8a64a8b87572d943e1e7ea69eb
anexo2_layout.txt,22,2. Nombre de la entidad:,SEGURO SOCIAL DE SALUD (EsSalud),SEGURO SOCIAL DE SALUD (EsSalud),CD32,CD32/01,CORRESPONDENCIA,CORRESPONDENCIA,TEMPORAL,2,8,2,12,ELIMINACION,Archivo Central (opcional/intermedio),Ejecutar eliminacion documental conforme PCD/AGN.,Agotado el valor primario y vencidos plazos reglados en AG/AP/OAA.,32a5164a3027e993514969c8095d4af43c4999a70da8ee285568e144224062ee
anexo2_layout.txt,23,2. Nombre de la entidad:,SEGURO SOCIAL DE SALUD (EsSalud),SEGURO SOCIAL DE SALUD (EsSalud),CD33,CD33/01,CORRESPONDENCIA,CORRESPONDENCIA,TEMPORAL,2,8,2,12,ELIMINACION,Archivo Central (opcional/intermedio),Ejecutar eliminacion documental conforme PCD/AGN.,Agotado el valor primario y vencidos plazos reglados en AG/AP/OAA.,a487f45b914797f5c5034d96d2081b391737ad798cc566794d4b0aa8f277334c
anexo2_layout.txt,24,2. Nombre de la entidad:,SEGURO SOCIAL DE SALUD (EsSalud),SEGURO SOCIAL DE SALUD (EsSalud),CD34,CD34/01,CORRESPONDENCIA,CORRESPONDENCIA,TEMPORAL,2,8,2,12,ELIMINACION,Archivo Central (opcional/intermedio),Ejecutar eliminacion documental conforme PCD/AGN.,Agotado el valor primario y vencidos plazos reglados en AG/AP/OAA.,f206fc56d2c08ff5464f93917703823866a3c21ff6c408f025076acf933ced39
anexo2_layout.txt,25,2. Nombre de la entidad:,SEGURO SOCIAL DE SALUD (EsSalud),SEGURO SOCIAL DE SALUD (EsSalud),SEGE,SEGE/01,RESOLUCIONES SECRETARIALES,RESOLUCIONES SECRETARIALES,PERMANENTE,2,0,28,30,TRANSFERENCIA,Archivo Central,Conservar en Archivo Central de forma indefinida.,Conservacion permanente segun PCD,2be6e530de4c5a9ee5e424ecd0d1bb6b128c1cb80cdcb4ccff3b458d58000679
anexo2_layout.txt,25,2. Nombre de la entidad:,SEGURO SOCIAL DE SALUD (EsSalud),SEGURO SOCIAL DE SALUD (EsSalud),SEGE,SEGE/02,CONVENIOS,CONVENIOS,PERMANENTE,2,0,28,30,TRANSFERENCIA,Archivo Central,Conservar en Archivo Central de forma indefinida.,Conservacion permanente segun PCD,709c1dfccc5f95c4239fce37435eb99da98b8a376ad57afe818b75c6bf58e94b
anexo2_layout.txt,25,2. Nombre de la entidad:,SEGURO SOCIAL DE SALUD (EsSalud),SEGURO SOCIAL DE SALUD (EsSalud),SEGE,SEGE/03,CORRESPONDENCIA,CORRESPONDENCIA,TEMPORAL,2,0,6,8,ELIMINACION,Archivo de Gestion/Periferico,Ejecutar eliminacion documental conforme PCD/AGN.,Agotado el valor primario y vencidos plazos reglados en AG/AP/OAA.,f8f2dd94ab7efd861ee9ba8208f1b11e0c4ea6db89bd599e630a55ed2a8d4aa1
anexo2_layout.txt,26,2. Nombre de la entidad:,SEGURO SOCIAL DE SALUD (EsSalud),SEGURO SOCIAL DE SALUD (EsSalud),ADDO,ADDO/01,REPORTES DE ENTREGA DE DOCUMENTOS,REPORTES DE ENTREGA DE DOCUMENTOS,TEMPORAL,2,0,4,6,ELIMINACION,Archivo de Gestion/Periferico,Ejecutar eliminacion documental conforme PCD/AGN.,Agotado el valor primario y vencidos plazos reglados en AG/AP/OAA.,7fd3b14769065259078e5e5e10c5d81f4e0997285a217d9ec1ca03108beed2d2
anexo2_layout.txt,26,2. Nombre de la entidad:,SEGURO SOCIAL DE SALUD (EsSalud),SEGURO SOCIAL DE SALUD (EsSalud),ADDO,ADDO/02,CORRESPONDENCIA,CORRESPONDENCIA,TEMPORAL,2,0,4,6,ELIMINACION,Archivo de Gestion/Periferico,Ejecutar eliminacion documental conforme PCD/AGN.,Agotado el valor primario y vencidos plazos reglados en AG/AP/OAA.,ae3df85af78b0ef5c888ff3b8c7e160d5b5a463e8c5ac8e47b536fd68a0dbcc1
anexo2_layout.txt,27,2. Nombre de la entidad:,SEGURO SOCIAL DE SALUD (EsSalud),SEGURO SOCIAL DE SALUD (EsSalud),ADIN,ADIN/01,CORRESPONDENCIA,CORRESPONDENCIA,TEMPORAL,2,0,4,6,ELIMINACION,Archivo de Gestion/Periferico,Ejecutar eliminacion documental conforme PCD/AGN.,Agotado el valor primario y vencidos plazos reglados en AG/AP/OAA.,50dea863b7d38ae70ee43f8698cb45d5ca9318a16fda382f886973a562dd0548
anexo2_layout.txt,28,2. Nombre de la entidad:,SEGURO SOCIAL DE SALUD (EsSalud),SEGURO SOCIAL DE SALUD (EsSalud),ARCE,ARCE/01,EXPEDIENTES DE TRANSFERENCIA DE DOCUMENTOS,EXPEDIENTES DE TRANSFERENCIA DE DOCUMENTOS,PERMANENTE,2,0,28,30,TRANSFERENCIA,Archivo Central,Conservar en Archivo Central de forma indefinida.,Conservacion permanente segun PCD,9c75ccd49d0be8fb94f5d974feae915dcdc3ab7e9ad83cc3c0d2d604a424e254
anexo2_layout.txt,28,2. Nombre de la entidad:,SEGURO SOCIAL DE SALUD (EsSalud),SEGURO SOCIAL DE SALUD (EsSalud),ARCE,ARCE/02,EXPEDIENTES DE ELIMINACION DE DOCUMENTOS,EXPEDIENTES DE ELIMINACION DE DOCUMENTOS,PERMANENTE,2,0,28,30,TRANSFERENCIA,Archivo Central,Conservar en Archivo Central de forma indefinida.,Conservacion permanente segun PCD,a6cafd15e46df69770e26597362e12ae88ac295c6ff7d43d29933af36c229437
anexo2_layout.txt,28,2. Nombre de la entidad:,SEGURO SOCIAL DE SALUD (EsSalud),SEGURO SOCIAL DE SALUD (EsSalud),ARCE,ARCE/03,EXPEDIENTES DE SUPERVISION Y ASISTENCIA TECNICA,EXPEDIENTES DE SUPERVISION Y ASISTENCIA TECNICA,TEMPORAL,2,0,8,10,ELIMINACION,Archivo Central (opcional/intermedio),Ejecutar eliminacion documental conforme PCD/AGN.,Agotado el valor primario y vencidos plazos reglados en AG/AP/OAA.,b7faadfd777b920078cb7c48c68f55524472090ba670061524adf95f5838cee9
anexo2_layout.txt,28,2. Nombre de la entidad:,SEGURO SOCIAL DE SALUD (EsSalud),SEGURO SOCIAL DE SALUD (EsSalud),ARCE,ARCE/04,FORMULARIOS DE SERVICIO ARCHIVISTICO,FORMULARIOS DE SERVICIO ARCHIVISTICO,TEMPORAL,2,0,4,6,ELIMINACION,Archivo de Gestion/Periferico,Ejecutar eliminacion documental conforme PCD/AGN.,Agotado el valor primario y vencidos plazos reglados en AG/AP/OAA.,995332f2381a8b47cc306c276b57a31c86caf1ddb53097d4a083b4ee897fa1ab
anexo2_layout.txt,29,2. Nombre de la entidad:,SEGURO SOCIAL DE SALUD (EsSalud),SEGURO SOCIAL DE SALUD (EsSalud),BIBL,BIBL/01,FORMULARIOS DE SERVICIO BIBLIOGRAFICO,FORMULARIOS DE SERVICIO BIBLIOGRAFICO,TEMPORAL,2,0,4,6,ELIMINACION,Archivo de Gestion/Periferico,Ejecutar eliminacion documental conforme PCD/AGN.,Agotado el valor primario y vencidos plazos reglados en AG/AP/OAA.,e2ae5befd1a4026eba9015148ee46b74bb97d1d46f241ac5e5a414a5e67d6811
anexo2_layout.txt,30,2. Nombre de la entidad:,SEGURO SOCIAL DE SALUD (EsSalud),SEGURO SOCIAL DE SALUD (EsSalud),DENA,DENA/01,RESOLUCIONES,RESOLUCIONES,PERMANENTE,2,0,28,30,TRANSFERENCIA,Archivo Central,Conservar en Archivo Central de forma indefinida.,Conservacion permanente segun PCD,59b36e6926934af63f5fb24c82d537af0cb3a6a6851bb60da35554aed63f7b31
anexo2_layout.txt,30,2. Nombre de la entidad:,SEGURO SOCIAL DE SALUD (EsSalud),SEGURO SOCIAL DE SALUD (EsSalud),DENA,DENA/02,CORRESPONDENCIA,CORRESPONDENCIA,TEMPORAL,2,0,6,8,ELIMINACION,Archivo de Gestion/Periferico,Ejecutar eliminacion documental conforme PCD/AGN.,Agotado el valor primario y vencidos plazos reglados en AG/AP/OAA.,fa1d1f36e5d5bae2ee92d48c6909c966f01c5a60c728ca94696b90c71b3ff451
anexo2_layout.txt,31,2. Nombre de la entidad:,SEGURO SOCIAL DE SALUD (EsSalud),SEGURO SOCIAL DE SALUD (EsSalud),MOVI,MOVI/01,CORRESPONDENCIA,CORRESPONDENCIA,TEMPORAL,2,0,4,6,ELIMINACION,Archivo de Gestion/Periferico,Ejecutar eliminacion documental conforme PCD/AGN.,Agotado el valor primario y vencidos plazos reglados en AG/AP/OAA.,14d18bec004d5b550455562f23178e69e02ab056d43a312f507bb216791e55cb
anexo2_layout.txt,32,2. Nombre de la entidad:,SEGURO SOCIAL DE SALUD (EsSalud),SEGURO SOCIAL DE SALUD (EsSalud),DEFN,DEFN/01,CORRESPONDENCIA,CORRESPONDENCIA,TEMPORAL,2,0,4,6,ELIMINACION,Archivo de Gestion/Periferico,Ejecutar eliminacion documental conforme PCD/AGN.,Agotado el valor primario y vencidos plazos reglados en AG/AP/OAA.,4dfdc845990a498d0c4ecd23985a932612f2a9a43bdd45a8b5098aba5a5dc872
anexo2_layout.txt,33,2. Nombre de la entidad:,SEGURO SOCIAL DE SALUD (EsSalud),SEGURO SOCIAL DE SALUD (EsSalud),REIN,REIN/01,RESOLUCIONES,RESOLUCIONES,PERMANENTE,2,0,28,30,TRANSFERENCIA,Archivo Central,Conservar en Archivo Central de forma indefinida.,Conservacion permanente segun PCD,c919a32a2a740539498d29fe2b64e1de95e1412d271b895a640dca576ff08146
anexo2_layout.txt,33,2. Nombre de la entidad:,SEGURO SOCIAL DE SALUD (EsSalud),SEGURO SOCIAL DE SALUD (EsSalud),REIN,REIN/02,CORRESPONDENCIA,CORRESPONDENCIA,TEMPORAL,2,0,8,10,ELIMINACION,Archivo Central (opcional/intermedio),Ejecutar eliminacion documental conforme PCD/AGN.,Agotado el valor primario y vencidos plazos reglados en AG/AP/OAA.,90ec382bae21bb6a0dfa59fac978c029e085548cfa216eb58f15182de8972c6e
anexo2_layout.txt,34,2. Nombre de la entidad:,SEGURO SOCIAL DE SALUD (EsSalud),SEGURO SOCIAL DE SALUD (EsSalud),APOC,APOC/01,CORRESPONDENCIA,CORRESPONDENCIA,TEMPORAL,2,0,8,10,ELIMINACION,Archivo Central (opcional/intermedio),Ejecutar eliminacion documental conforme PCD/AGN.,Agotado el valor primario y vencidos plazos reglados en AG/AP/OAA.,43f8cfe7e5a770180f07833cd4f10d56f9f20b11b2034657cc63bc5a1eb20aa1
anexo2_layout.txt,35,2. Nombre de la entidad:,SEGURO SOCIAL DE SALUD (EsSalud),SEGURO SOCIAL DE SALUD (EsSalud),MAIM,MAIM/01,CORRESPONDENCIA,CORRESPONDENCIA,TEMPORAL,2,0,4,6,ELIMINACION,Archivo de Gestion/Periferico,Ejecutar eliminacion documental conforme PCD/AGN.,Agotado el valor primario y vencidos plazos reglados en AG/AP/OAA.,082c72f19ef6b079974a2a7ad9a04413c95a0489edd8cbbcbe72d512c73d97b7
anexo2_layout.txt,36,2. Nombre de la entidad:,SEGURO SOCIAL DE SALUD (EsSalud),SEGURO SOCIAL DE SALUD (EsSalud),PRCO,PRCO/01,REGISTROS AUDIOVISUALES Y FOTOGRÁFICOS,REGISTROS AUDIOVISUALES Y FOTOGRÁFICOS,PERMANENTE,10,0,20,30,TRANSFERENCIA,Archivo Central,Conservar en Archivo Central de forma indefinida.,Conservacion permanente segun PCD,1c3e4cf23f150fc3c85988807b79e6782c7596b0efa83bd69ef0f1992b4fa170
anexo2_layout.txt,36,2. Nombre de la entidad:,SEGURO SOCIAL DE SALUD (EsSalud),SEGURO SOCIAL DE SALUD (EsSalud),PRCO,PRCO/02,INFORMES DE MONITOREO,INFORMES DE MONITOREO,TEMPORAL,2,0,8,10,ELIMINACION,Archivo Central (opcional/intermedio),Ejecutar eliminacion documental conforme PCD/AGN.,Agotado el valor primario y vencidos plazos reglados en AG/AP/OAA.,f293da8bd2656f49664ff8051f1853e3c270518d163d2f08c4f8947b835c71b1
anexo2_layout.txt,36,2. Nombre de la entidad:,SEGURO SOCIAL DE SALUD (EsSalud),SEGURO SOCIAL DE SALUD (EsSalud),PRCO,PRCO/03,CORRESPONDENCIA,CORRESPONDENCIA,TEMPORAL,2,0,4,6,ELIMINACION,Archivo de Gestion/Periferico,Ejecutar eliminacion documental conforme PCD/AGN.,Agotado el valor primario y vencidos plazos reglados en AG/AP/OAA.,9175ff30d554d3fbdd319cba0445e78129a39531ad9926c67ac00f8cf360db21
anexo2_layout.txt,37,2. Nombre de la entidad:,SEGURO SOCIAL DE SALUD (EsSalud),SEGURO SOCIAL DE SALUD (EsSalud),APVO,APVO/01,CORRESPONDENCIA,CORRESPONDENCIA,TEMPORAL,2,0,4,6,ELIMINACION,Archivo de Gestion/Periferico,Ejecutar eliminacion documental conforme PCD/AGN.,Agotado el valor primario y vencidos plazos reglados en AG/AP/OAA.,59e3bf932376bebe97cd056c4d6fe2b85241c65a08b6c67f1be3f4e9ebaa5716
anexo2_layout.txt,38,2. Nombre de la entidad:,SEGURO SOCIAL DE SALUD (EsSalud),SEGURO SOCIAL DE SALUD (EsSalud),COVO,COVO/01,ACTAS DE SESIONES,ACTAS DE SESIONES,PERMANENTE,10,0,20,30,TRANSFERENCIA,Archivo Central,Conservar en Archivo Central de forma indefinida.,Conservacion permanente segun PCD,1c52bd50bf25605d2470271a2fa9b218018bfb406a4af25f1f9cccfcfebd1346
anexo2_layout.txt,38,2. Nombre de la entidad:,SEGURO SOCIAL DE SALUD (EsSalud),SEGURO SOCIAL DE SALUD (EsSalud),COVO,COVO/02,CORRESPONDENCIA,CORRESPONDENCIA,TEMPORAL,2,0,8,10,ELIMINACION,Archivo Central (opcional/intermedio),Ejecutar eliminacion documental conforme PCD/AGN.,Agotado el valor primario y vencidos plazos reglados en AG/AP/OAA.,48bc5e77de527a496a4130f4f521a68861ff30a07beec2b46ca8c74cf4da6753
anexo2_layout.txt,39,2. Nombre de la entidad:,SEGURO SOCIAL DE SALUD (EsSalud),SEGURO SOCIAL DE SALUD (EsSalud),DEAS,DEAS/01,RESOLUCIONES,RESOLUCIONES,PERMANENTE,5,0,25,30,TRANSFERENCIA,Archivo Central,Conservar en Archivo Central de forma indefinida.,Conservacion permanente segun PCD,57786f4f9ee5a80a6fc4fe35dca8de7817e72fa7c25d03b82e48e5369ecb5393
anexo2_layout.txt,39,2. Nombre de la entidad:,SEGURO SOCIAL DE SALUD (EsSalud),SEGURO SOCIAL DE SALUD (EsSalud),DEAS,DEAS/02,EXPEDIENTES DEFENSORIALES,EXPEDIENTES DEFENSORIALES,TEMPORAL,10,0,5,15,ELIMINACION,Archivo Central (opcional/intermedio),Ejecutar eliminacion documental conforme PCD/AGN.,Agotado el valor primario y vencidos plazos reglados en AG/AP/OAA.,91fff10922595aa045cd22ab72504a51814c747b32ecb14d3a23e8f676c7e256
anexo2_layout.txt,39,2. Nombre de la entidad:,SEGURO SOCIAL DE SALUD (EsSalud),SEGURO SOCIAL DE SALUD (EsSalud),DEAS,DEAS/03,EXPEDIENTES DE QUEJAS Y RECLAMOS,EXPEDIENTES DE QUEJAS Y RECLAMOS,TEMPORAL,5,0,5,10,ELIMINACION,Archivo Central (opcional/intermedio),Ejecutar eliminacion documental conforme PCD/AGN.,Agotado el valor primario y vencidos plazos reglados en AG/AP/OAA.,d55b52a792640531507f8aca7eea373c68e09f5dbc3637bc6185af0a26c41fa1
anexo2_layout.txt,39,2. Nombre de la entidad:,SEGURO SOCIAL DE SALUD (EsSalud),SEGURO SOCIAL DE SALUD (EsSalud),DEAS,DEAS/04,CORRESPONDENCIA,CORRESPONDENCIA,TEMPORAL,2,0,8,10,ELIMINACION,Archivo Central (opcional/intermedio),Ejecutar eliminacion documental conforme PCD/AGN.,Agotado el valor primario y vencidos plazos reglados en AG/AP/OAA.,1579ec1ba3fd9c9e269e0a6c7b4b19b6b7f5e568dc74390d7c4e849c147561ef
anexo2_layout.txt,39,2. Nombre de la entidad:,SEGURO SOCIAL DE SALUD (EsSalud),SEGURO SOCIAL DE SALUD (EsSalud),DEAS,DEAS/05,LIBROS DE RECLAMACIONES,LIBROS DE RECLAMACIONES,TEMPORAL,3,0,5,8,ELIMINACION,Archivo de Gestion/Periferico,Ejecutar eliminacion documental conforme PCD/AGN.,Agotado el valor primario y vencidos plazos reglados en AG/AP/OAA.,5ddbe1d893a9fbe13ff203d2d25c45d369dd65f969a6fbc7fc508f06fc2ab463
anexo2_layout.txt,40,2. Nombre de la entidad:,SEGURO SOCIAL DE SALUD (EsSalud),SEGURO SOCIAL DE SALUD (EsSalud),APTE,APTE/01,CORRESPONDENCIA,CORRESPONDENCIA,TEMPORAL,2,0,4,6,ELIMINACION,Archivo de Gestion/Periferico,Ejecutar eliminacion documental conforme PCD/AGN.,Agotado el valor primario y vencidos plazos reglados en AG/AP/OAA.,c9589794d42cf9104904b0f21ac781a0067fc01b1e23a90b37f1d7afe92620bb
anexo2_layout.txt,41,2. Nombre de la entidad:,SEGURO SOCIAL DE SALUD (EsSalud),SEGURO SOCIAL DE SALUD (EsSalud),UADM,UADM/01,CORRESPONDENCIA,CORRESPONDENCIA,TEMPORAL,2,0,4,6,ELIMINACION,Archivo de Gestion/Periferico,Ejecutar eliminacion documental conforme PCD/AGN.,Agotado el valor primario y vencidos plazos reglados en AG/AP/OAA.,8682b98311255bf7363e621f3c5dc8ce2ba8272c872645fcf143a0d1fba66188
anexo2_layout.txt,42,2. Nombre de la entidad:,SEGURO SOCIAL DE SALUD (EsSalud),SEGURO SOCIAL DE SALUD (EsSalud),CSPA,CSPA/01,CORRESPONDENCIA,CORRESPONDENCIA,TEMPORAL,2,0,4,6,ELIMINACION,Archivo de Gestion/Periferico,Ejecutar eliminacion documental conforme PCD/AGN.,Agotado el valor primario y vencidos plazos reglados en AG/AP/OAA.,7697c1917102644b5cdf8b612deac2e6fae0f2c7668af283f8bb3a964d3bc662
anexo2_layout.txt,43,2. Nombre de la entidad:,SEGURO SOCIAL DE SALUD (EsSalud),SEGURO SOCIAL DE SALUD (EsSalud),CALI,CALI/01,EXPEDIENTES DE AUDITORIAS DE CASO,EXPEDIENTES DE AUDITORIAS DE CASO,TEMPORAL,2,0,8,10,ELIMINACION,Archivo Central (opcional/intermedio),Ejecutar eliminacion documental conforme PCD/AGN.,Agotado el valor primario y vencidos plazos reglados en AG/AP/OAA.,f04f5bb3e2a20ad5da40901025fd2ddc9a6b3918ececc98c1aaebf866ee65cdf
anexo2_layout.txt,43,2. Nombre de la entidad:,SEGURO SOCIAL DE SALUD (EsSalud),SEGURO SOCIAL DE SALUD (EsSalud),CALI,CALI/02,EXPEDIENTES DE INDICADORES DE CALIDAD,EXPEDIENTES DE INDICADORES DE CALIDAD,TEMPORAL,2,0,8,10,ELIMINACION,Archivo Central (opcional/intermedio),Ejecutar eliminacion documental conforme PCD/AGN.,Agotado el valor primario y vencidos plazos reglados en AG/AP/OAA.,c65e9e81db7e4b35319196d9bc4fce03d634668518eb059196ba17ea11c9205a
anexo2_layout.txt,43,2. Nombre de la entidad:,SEGURO SOCIAL DE SALUD (EsSalud),SEGURO SOCIAL DE SALUD (EsSalud),CALI,CALI/03,CORRESPONDENCIA,CORRESPONDENCIA,TEMPORAL,2,0,4,6,ELIMINACION,Archivo de Gestion/Periferico,Ejecutar eliminacion documental conforme PCD/AGN.,Agotado el valor primario y vencidos plazos reglados en AG/AP/OAA.,6911c283e5eaef538059478d2edbd1dbf564574dbe696407b7df8056ad755b3a
anexo2_layout.txt,44,2. Nombre de la entidad:,SEGURO SOCIAL DE SALUD (EsSalud),SEGURO SOCIAL DE SALUD (EsSalud),SEPA,SEPA/01,EXPEDIENTES DE INDICADORES DE SEGURIDAD,EXPEDIENTES DE INDICADORES DE SEGURIDAD,TEMPORAL,2,0,8,10,ELIMINACION,Archivo Central (opcional/intermedio),Ejecutar eliminacion documental conforme PCD/AGN.,Agotado el valor primario y vencidos plazos reglados en AG/AP/OAA.,d3c15e48750ee38e61a7c3a8c8c9c2b50e81f163920c8e383acfdf7876db9d00
anexo2_layout.txt,44,2. Nombre de la entidad:,SEGURO SOCIAL DE SALUD (EsSalud),SEGURO SOCIAL DE SALUD (EsSalud),SEPA,SEPA/02,CORRESPONDENCIA,CORRESPONDENCIA,TEMPORAL,2,0,4,6,ELIMINACION,Archivo de Gestion/Periferico,Ejecutar eliminacion documental conforme PCD/AGN.,Agotado el valor primario y vencidos plazos reglados en AG/AP/OAA.,924d06b24aabb23921698ad9daf5447d95aac3ff915024708714c8f66dd5b1ed
anexo2_layout.txt,45,2. Nombre de la entidad:,SEGURO SOCIAL DE SALUD (EsSalud),SEGURO SOCIAL DE SALUD (EsSalud),ATEA,ATEA/01,CORRESPONDENCIA,CORRESPONDENCIA,TEMPORAL,2,0,4,6,ELIMINACION,Archivo de Gestion/Periferico,Ejecutar eliminacion documental conforme PCD/AGN.,Agotado el valor primario y vencidos plazos reglados en AG/AP/OAA.,cd5db67d4d989fc0d09e7ddc2d0c3e42aaa6c3fd2665fba1d56548b7c3fa2797
anexo2_layout.txt,46,2. Nombre de la entidad:,SEGURO SOCIAL DE SALUD (EsSalud),SEGURO SOCIAL DE SALUD (EsSalud),SMGD,SMGD/01,CORRESPONDENCIA,CORRESPONDENCIA,TEMPORAL,2,0,4,6,ELIMINACION,Archivo de Gestion/Periferico,Ejecutar eliminacion documental conforme PCD/AGN.,Agotado el valor primario y vencidos plazos reglados en AG/AP/OAA.,ec7d306a785b980d0a909fb06540dea8164da220c30042c39c699a41b53962c0
anexo2_layout.txt,47,2. Nombre de la entidad:,SEGURO SOCIAL DE SALUD (EsSalud),SEGURO SOCIAL DE SALUD (EsSalud),COTE,COTE/01,CORRESPONDENCIA,CORRESPONDENCIA,TEMPORAL,2,0,6,8,ELIMINACION,Archivo de Gestion/Periferico,Ejecutar eliminacion documental conforme PCD/AGN.,Agotado el valor primario y vencidos plazos reglados en AG/AP/OAA.,5e2f40f2c647848b794cc226bf4ef3cd3864fb1cff063ceac7080761124a7903
anexo2_layout.txt,48,2. Nombre de la entidad:,SEGURO SOCIAL DE SALUD (EsSalud),SEGURO SOCIAL DE SALUD (EsSalud),GEGE,GEGE/01,RESOLUCIONES,RESOLUCIONES,PERMANENTE,2,0,28,30,TRANSFERENCIA,Archivo Central,Conservar en Archivo Central de forma indefinida.,Conservacion permanente segun PCD,3d4bc679992780dcf3a930f8cf07b1da0186f50a98b9fb5d5a4ca4b4b8e8bf27
anexo2_layout.txt,48,2. Nombre de la entidad:,SEGURO SOCIAL DE SALUD (EsSalud),SEGURO SOCIAL DE SALUD (EsSalud),GEGE,GEGE/02,CORRESPONDENCIA,CORRESPONDENCIA,TEMPORAL,2,0,6,8,ELIMINACION,Archivo de Gestion/Periferico,Ejecutar eliminacion documental conforme PCD/AGN.,Agotado el valor primario y vencidos plazos reglados en AG/AP/OAA.,04f7043685051eeba534e32aa05e49c71c67995df29d85b7149a0a88299db52a
anexo2_layout.txt,49,2. Nombre de la entidad:,SEGURO SOCIAL DE SALUD (EsSalud),SEGURO SOCIAL DE SALUD (EsSalud),ASJU,ASJU/01,RESOLUCIONES,RESOLUCIONES,PERMANENTE,2,3,25,30,TRANSFERENCIA,Archivo Central,Conservar en Archivo Central de forma indefinida.,Conservacion permanente segun PCD,02bfe3fa0e926829dda56650a2ad3593142ce18edff5d50db056cef3870af538
anexo2_layout.txt,49,2. Nombre de la entidad:,SEGURO SOCIAL DE SALUD (EsSalud),SEGURO SOCIAL DE SALUD (EsSalud),ASJU,ASJU/02,INFORMES LEGALES,INFORMES LEGALES,TEMPORAL,2,3,5,10,ELIMINACION,Archivo Central (opcional/intermedio),Ejecutar eliminacion documental conforme PCD/AGN.,Agotado el valor primario y vencidos plazos reglados en AG/AP/OAA.,b3a6b9d295fee56dfeaf8528ff7f1937e4bdb1a1b7f1334050cc626aa7bcc917
anexo2_layout.txt,49,2. Nombre de la entidad:,SEGURO SOCIAL DE SALUD (EsSalud),SEGURO SOCIAL DE SALUD (EsSalud),ASJU,ASJU/03,CORRESPONDENCIA,CORRESPONDENCIA,TEMPORAL,2,3,5,10,ELIMINACION,Archivo Central (opcional/intermedio),Ejecutar eliminacion documental conforme PCD/AGN.,Agotado el valor primario y vencidos plazos reglados en AG/AP/OAA.,a07d204b8545ec6530b3260bd6e7a977ad9e77483cc736573c7497dbc062c3ec
anexo2_layout.txt,50,2. Nombre de la entidad:,SEGURO SOCIAL DE SALUD (EsSalud),SEGURO SOCIAL DE SALUD (EsSalud),ACGE,ACGE/01,CORRESPONDENCIA,CORRESPONDENCIA,TEMPORAL,2,3,3,8,ELIMINACION,Archivo de Gestion/Periferico,Ejecutar eliminacion documental conforme PCD/AGN.,Agotado el valor primario y vencidos plazos reglados en AG/AP/OAA.,30fe282087141e23ca1b54bf856d155e38b4eb7bb006f72c078ad006dd82da48
anexo2_layout.txt,51,2. Nombre de la entidad:,SEGURO SOCIAL DE SALUD (EsSalud),SEGURO SOCIAL DE SALUD (EsSalud),ASAD,ASAD/01,EXPEDIENTES DE CONSULTAS ADMINISTRATIVAS,EXPEDIENTES DE CONSULTAS ADMINISTRATIVAS,TEMPORAL,2,3,5,10,ELIMINACION,Archivo Central (opcional/intermedio),Ejecutar eliminacion documental conforme PCD/AGN.,Agotado el valor primario y vencidos plazos reglados en AG/AP/OAA.,a8e8979c98eb342542a775454f59cb7a885c619af378525709bc9a25f1194df1
anexo2_layout.txt,51,2. Nombre de la entidad:,SEGURO SOCIAL DE SALUD (EsSalud),SEGURO SOCIAL DE SALUD (EsSalud),ASAD,ASAD/02,INFORMES LEGALES,INFORMES LEGALES,TEMPORAL,2,3,5,10,ELIMINACION,Archivo Central (opcional/intermedio),Ejecutar eliminacion documental conforme PCD/AGN.,Agotado el valor primario y vencidos plazos reglados en AG/AP/OAA.,19200431e1cc52872087715638f06ddedc04abfe218ee1c2af1c6344b354aef2
anexo2_layout.txt,51,2. Nombre de la entidad:,SEGURO SOCIAL DE SALUD (EsSalud),SEGURO SOCIAL DE SALUD (EsSalud),ASAD,ASAD/03,CORRESPONDENCIA,CORRESPONDENCIA,TEMPORAL,2,3,3,8,ELIMINACION,Archivo de Gestion/Periferico,Ejecutar eliminacion documental conforme PCD/AGN.,Agotado el valor primario y vencidos plazos reglados en AG/AP/OAA.,dd8b865a19bae7b044698066499cd9c3b8e95785ab28f8b638db8222123c6309
anexo2_layout.txt,52,2. Nombre de la entidad:,SEGURO SOCIAL DE SALUD (EsSalud),SEGURO SOCIAL DE SALUD (EsSalud),COES,COES/01,CORRESPONDENCIA,CORRESPONDENCIA,TEMPORAL,2,3,3,8,ELIMINACION,Archivo de Gestion/Periferico,Ejecutar eliminacion documental conforme PCD/AGN.,Agotado el valor primario y vencidos plazos reglados en AG/AP/OAA.,c05e23e9aa2adc8749cde02802a3fd29ceadb188e9e8b91aad26b7004340747c
anexo2_layout.txt,53,2. Nombre de la entidad:,SEGURO SOCIAL DE SALUD (EsSalud),SEGURO SOCIAL DE SALUD (EsSalud),PRNI,PRNI/01,CORRESPONDENCIA,CORRESPONDENCIA,TEMPORAL,2,3,3,8,ELIMINACION,Archivo de Gestion/Periferico,Ejecutar eliminacion documental conforme PCD/AGN.,Agotado el valor primario y vencidos plazos reglados en AG/AP/OAA.,2a14225d84fcdf87a50c84653027a8e129b7b72c5494c5e2f491a30c0376be65
anexo2_layout.txt,54,2. Nombre de la entidad:,SEGURO SOCIAL DE SALUD (EsSalud),SEGURO SOCIAL DE SALUD (EsSalud),ASUJ,ASUJ/01,EXPEDIENTES PROCESOS JUDICIALES,EXPEDIENTES PROCESOS JUDICIALES,TEMPORAL,2,3,10,15,ELIMINACION,Archivo Central (opcional/intermedio),Ejecutar eliminacion documental conforme PCD/AGN.,Agotado el valor primario y vencidos plazos reglados en AG/AP/OAA.,0d9eb7d79b784065273c75693de34872825d59c9a67d63ee82de99dec88eea3d
anexo2_layout.txt,54,2. Nombre de la entidad:,SEGURO SOCIAL DE SALUD (EsSalud),SEGURO SOCIAL DE SALUD (EsSalud),ASUJ,ASUJ/02,EXPEDIENTES PROCESOS EXTRAJUDICIALES,EXPEDIENTES PROCESOS EXTRAJUDICIALES,TEMPORAL,2,3,10,15,ELIMINACION,Archivo Central (opcional/intermedio),Ejecutar eliminacion documental conforme PCD/AGN.,Agotado el valor primario y vencidos plazos reglados en AG/AP/OAA.,6aee257bc2e4192609b560c60a110d0d04e04ebfcfa9b290e587771edb25305a
anexo2_layout.txt,54,2. Nombre de la entidad:,SEGURO SOCIAL DE SALUD (EsSalud),SEGURO SOCIAL DE SALUD (EsSalud),ASUJ,ASUJ/03,INFORMES LEGALES,INFORMES LEGALES,TEMPORAL,2,3,5,10,ELIMINACION,Archivo Central (opcional/intermedio),Ejecutar eliminacion documental conforme PCD/AGN.,Agotado el valor primario y vencidos plazos reglados en AG/AP/OAA.,1b5f229626195698b5164ab8f7a857d88502354c63d96e989460db715be64186
anexo2_layout.txt,54,2. Nombre de la entidad:,SEGURO SOCIAL DE SALUD (EsSalud),SEGURO SOCIAL DE SALUD (EsSalud),ASUJ,ASUJ/04,CORRESPONDENCIA,CORRESPONDENCIA,TEMPORAL,2,3,5,10,ELIMINACION,Archivo Central (opcional/intermedio),Ejecutar eliminacion documental conforme PCD/AGN.,Agotado el valor primario y vencidos plazos reglados en AG/AP/OAA.,4bdd8a1d0de0d285a24ab35dd72a06cba41dc0cbe7d65b68b8341c0ca93847b5
anexo2_layout.txt,55,2. Nombre de la entidad:,SEGURO SOCIAL DE SALUD (EsSalud),SEGURO SOCIAL DE SALUD (EsSalud),DCCI,DCCI/01,CORRESPONDENCIA,CORRESPONDENCIA,TEMPORAL,2,3,5,10,ELIMINACION,Archivo Central (opcional/intermedio),Ejecutar eliminacion documental conforme PCD/AGN.,Agotado el valor primario y vencidos plazos reglados en AG/AP/OAA.,fb5cb004b7e089157b217cca53f7097b60ba6bc661943d7f186cb3de6ffb1556
anexo2_layout.txt,56,2. Nombre de la entidad:,SEGURO SOCIAL DE SALUD (EsSalud),SEGURO SOCIAL DE SALUD (EsSalud),DPPD,DPPD/01,CORRESPONDENCIA,CORRESPONDENCIA,TEMPORAL,2,3,5,10,ELIMINACION,Archivo Central (opcional/intermedio),Ejecutar eliminacion documental conforme PCD/AGN.,Agotado el valor primario y vencidos plazos reglados en AG/AP/OAA.,dffbe4e3a9511c0638be62134cf4c310048bdbc2fd831e7b2d574140104775ad
anexo2_layout.txt,57,2. Nombre de la entidad:,SEGURO SOCIAL DE SALUD (EsSalud),SEGURO SOCIAL DE SALUD (EsSalud),PLDE,PLDE/01,RESOLUCIONES,RESOLUCIONES,PERMANENTE,2,0,28,30,TRANSFERENCIA,Archivo Central,Conservar en Archivo Central de forma indefinida.,Conservacion permanente segun PCD,2e9241da4b817ca30259b258b7fcc629336cabd76e8bb96ef457f83466936c9e
anexo2_layout.txt,57,2. Nombre de la entidad:,SEGURO SOCIAL DE SALUD (EsSalud),SEGURO SOCIAL DE SALUD (EsSalud),PLDE,PLDE/02,CORRESPONDENCIA,CORRESPONDENCIA,TEMPORAL,2,0,8,10,ELIMINACION,Archivo Central (opcional/intermedio),Ejecutar eliminacion documental conforme PCD/AGN.,Agotado el valor primario y vencidos plazos reglados en AG/AP/OAA.,463e06ee64d5aeec42eb6eded4f551c862482b2b0326e1a2e2e833359213c70b
anexo2_layout.txt,58,2. Nombre de la entidad:,SEGURO SOCIAL DE SALUD (EsSalud),SEGURO SOCIAL DE SALUD (EsSalud),APCO,APCO/01,CORRESPONDENCIA,CORRESPONDENCIA,TEMPORAL,2,0,6,8,ELIMINACION,Archivo de Gestion/Periferico,Ejecutar eliminacion documental conforme PCD/AGN.,Agotado el valor primario y vencidos plazos reglados en AG/AP/OAA.,ee06dc4d099b1243c000208b0c3db321d1001ba702066139633043f2071c595e
anexo2_layout.txt,59,2. Nombre de la entidad:,SEGURO SOCIAL DE SALUD (EsSalud),SEGURO SOCIAL DE SALUD (EsSalud),PEIN,PEIN/01,CORRESPONDENCIA,CORRESPONDENCIA,TEMPORAL,2,0,8,10,ELIMINACION,Archivo Central (opcional/intermedio),Ejecutar eliminacion documental conforme PCD/AGN.,Agotado el valor primario y vencidos plazos reglados en AG/AP/OAA.,da7c11e3208259b98d9236898171b415eb8e2823b26a689e2a85024e48404080
anexo2_layout.txt,60,2. Nombre de la entidad:,SEGURO SOCIAL DE SALUD (EsSalud),SEGURO SOCIAL DE SALUD (EsSalud),CONI,CONI/01,EXPEDIENTES DE ESTUDIOS DE PREINVERSION,EXPEDIENTES DE ESTUDIOS DE PREINVERSION,PERMANENTE,10,0,20,30,TRANSFERENCIA,Archivo Central,Conservar en Archivo Central de forma indefinida.,Conservacion permanente segun PCD,b2cbc74e42dd0a643c6306dd82a4d6530827eab611b63a42426d8ca8d936ce60
anexo2_layout.txt,60,2. Nombre de la entidad:,SEGURO SOCIAL DE SALUD (EsSalud),SEGURO SOCIAL DE SALUD (EsSalud),CONI,CONI/02,PLANES DE INVERSIONES,PLANES DE INVERSIONES,TEMPORAL,2,0,8,10,ELIMINACION,Archivo Central (opcional/intermedio),Ejecutar eliminacion documental conforme PCD/AGN.,Agotado el valor primario y vencidos plazos reglados en AG/AP/OAA.,80c1e40abc269f7b47a1dd11d08e643571e240ac5ec55c2b513ebf212715919e
anexo2_layout.txt,60,2. Nombre de la entidad:,SEGURO SOCIAL DE SALUD (EsSalud),SEGURO SOCIAL DE SALUD (EsSalud),CONI,CONI/03,CORRESPONDENCIA,CORRESPONDENCIA,TEMPORAL,2,0,6,8,ELIMINACION,Archivo de Gestion/Periferico,Ejecutar eliminacion documental conforme PCD/AGN.,Agotado el valor primario y vencidos plazos reglados en AG/AP/OAA.,9c7d3841291408102d103cc1fb1672201cd150d8a746eb5d20d7a4d80be9916b
anexo2_layout.txt,61,2. Nombre de la entidad:,SEGURO SOCIAL DE SALUD (EsSalud),SEGURO SOCIAL DE SALUD (EsSalud),EVTE,EVTE/01,PLANES DIRECTORES,PLANES DIRECTORES,TEMPORAL,5,0,5,10,ELIMINACION,Archivo Central (opcional/intermedio),Ejecutar eliminacion documental conforme PCD/AGN.,Agotado el valor primario y vencidos plazos reglados en AG/AP/OAA.,c6ff1eb56fa390562d0f0d35af46db558e11447354ecb7e44cca96855c952f44
anexo2_layout.txt,61,2. Nombre de la entidad:,SEGURO SOCIAL DE SALUD (EsSalud),SEGURO SOCIAL DE SALUD (EsSalud),EVTE,EVTE/02,ESTUDIOS DE EVALUACIONES TECNOLOGICAS,ESTUDIOS DE EVALUACIONES TECNOLOGICAS,TEMPORAL,3,0,7,10,ELIMINACION,Archivo Central (opcional/intermedio),Ejecutar eliminacion documental conforme PCD/AGN.,Agotado el valor primario y vencidos plazos reglados en AG/AP/OAA.,107e35c85a9f00103da8bb732d855e179eb70ead86603838103ffdf4d67e0571
anexo2_layout.txt,61,2. Nombre de la entidad:,SEGURO SOCIAL DE SALUD (EsSalud),SEGURO SOCIAL DE SALUD (EsSalud),EVTE,EVTE/03,CORRESPONDENCIA,CORRESPONDENCIA,TEMPORAL,2,0,6,8,ELIMINACION,Archivo de Gestion/Periferico,Ejecutar eliminacion documental conforme PCD/AGN.,Agotado el valor primario y vencidos plazos reglados en AG/AP/OAA.,fb01c7bdadb4dd70bfe730119d9333022226b655becee5a0c679b58cc44a44f7
anexo2_layout.txt,62,2. Nombre de la entidad:,SEGURO SOCIAL DE SALUD (EsSalud),SEGURO SOCIAL DE SALUD (EsSalud),DEIN,DEIN/01,CORRESPONDENCIA,CORRESPONDENCIA,TEMPORAL,2,0,8,10,ELIMINACION,Archivo Central (opcional/intermedio),Ejecutar eliminacion documental conforme PCD/AGN.,Agotado el valor primario y vencidos plazos reglados en AG/AP/OAA.,f544f646dc8060e4ce29b0875b9584cd14308bb10f204408080c73e74c61a9ea
anexo2_layout.txt,63,2. Nombre de la entidad:,SEGURO SOCIAL DE SALUD (EsSalud),SEGURO SOCIAL DE SALUD (EsSalud),ORDE,ORDE/02,EXPEDIENTES DE COMISIONES DE TRABAJO,EXPEDIENTES DE COMISIONES DE TRABAJO,TEMPORAL,4,0,6,10,ELIMINACION,Archivo Central (opcional/intermedio),Ejecutar eliminacion documental conforme PCD/AGN.,Agotado el valor primario y vencidos plazos reglados en AG/AP/OAA.,5b0c7eadda96ba67128ddcb59f8094a48bf243fed06c6c6dc4754890b65aa648
anexo2_layout.txt,63,2. Nombre de la entidad:,SEGURO SOCIAL DE SALUD (EsSalud),SEGURO SOCIAL DE SALUD (EsSalud),ORDE,ORDE/03,CORRESPONDENCIA,CORRESPONDENCIA,TEMPORAL,2,0,6,8,ELIMINACION,Archivo de Gestion/Periferico,Ejecutar eliminacion documental conforme PCD/AGN.,Agotado el valor primario y vencidos plazos reglados en AG/AP/OAA.,784a3e64eb973e2ec90e17aeea01153ef139add23a865bd9777b48f59d6c5197
anexo2_layout.txt,64,2. Nombre de la entidad:,SEGURO SOCIAL DE SALUD (EsSalud),SEGURO SOCIAL DE SALUD (EsSalud),COEX,COEX/01,EXPEDIENTES DE DONACIONES,EXPEDIENTES DE DONACIONES,TEMPORAL,2,0,8,10,ELIMINACION,Archivo Central (opcional/intermedio),Ejecutar eliminacion documental conforme PCD/AGN.,Agotado el valor primario y vencidos plazos reglados en AG/AP/OAA.,07a104941aef6f55581c4aafb2685182b66e3bb84ed61cd002f876cc51bf5ab2
anexo2_layout.txt,64,2. Nombre de la entidad:,SEGURO SOCIAL DE SALUD (EsSalud),SEGURO SOCIAL DE SALUD (EsSalud),COEX,COEX/02,EXPEDIENTES DE CONVENIOS Y ACUERDOS,EXPEDIENTES DE CONVENIOS Y ACUERDOS,TEMPORAL,2,0,8,10,ELIMINACION,Archivo Central (opcional/intermedio),Ejecutar eliminacion documental conforme PCD/AGN.,Agotado el valor primario y vencidos plazos reglados en AG/AP/OAA.,e372ddfb2677a793ea52b74cec8e470aa3832bd0a62f42eacfa99d26add9c149
anexo2_layout.txt,64,2. Nombre de la entidad:,SEGURO SOCIAL DE SALUD (EsSalud),SEGURO SOCIAL DE SALUD (EsSalud),COEX,COEX/03,EXPEDIENTES DE PAGOS DE MEMBRESIA,EXPEDIENTES DE PAGOS DE MEMBRESIA,TEMPORAL,2,0,8,10,ELIMINACION,Archivo Central (opcional/intermedio),Ejecutar eliminacion documental conforme PCD/AGN.,Agotado el valor primario y vencidos plazos reglados en AG/AP/OAA.,f4c7d41e2ba3bf8a8ce186dbfc01695ee17441cdff59f386a48a34c7019d2f02
anexo2_layout.txt,64,2. Nombre de la entidad:,SEGURO SOCIAL DE SALUD (EsSalud),SEGURO SOCIAL DE SALUD (EsSalud),COEX,COEX/04,SOLICITUDES DE CERTIFICACION,SOLICITUDES DE CERTIFICACION,TEMPORAL,2,0,6,8,ELIMINACION,Archivo de Gestion/Periferico,Ejecutar eliminacion documental conforme PCD/AGN.,Agotado el valor primario y vencidos plazos reglados en AG/AP/OAA.,1a44b8ed039eb709aa341f17287dcc944ded53ff609e1906624d6a5686533189
anexo2_layout.txt,64,2. Nombre de la entidad:,SEGURO SOCIAL DE SALUD (EsSalud),SEGURO SOCIAL DE SALUD (EsSalud),COEX,COEX/05,CORRESPONDENCIA,CORRESPONDENCIA,TEMPORAL,2,0,6,8,ELIMINACION,Archivo de Gestion/Periferico,Ejecutar eliminacion documental conforme PCD/AGN.,Agotado el valor primario y vencidos plazos reglados en AG/AP/OAA.,cf54ac60e356a30c88a467d39747754b059406425ed3acf345f33b600bf7e9f5
anexo2_layout.txt,65,2. Nombre de la entidad:,SEGURO SOCIAL DE SALUD (EsSalud),SEGURO SOCIAL DE SALUD (EsSalud),PLCO,PLCO/01,CORRESPONDENCIA,CORRESPONDENCIA,TEMPORAL,2,0,8,10,ELIMINACION,Archivo Central (opcional/intermedio),Ejecutar eliminacion documental conforme PCD/AGN.,Agotado el valor primario y vencidos plazos reglados en AG/AP/OAA.,c0d1d71b6a737ebcfcd5615d137c5c94585278eb308939ed8a0096b8e5591a88
anexo2_layout.txt,66,2. Nombre de la entidad:,SEGURO SOCIAL DE SALUD (EsSalud),SEGURO SOCIAL DE SALUD (EsSalud),INGE,INGE/01,BOLETINES ESTADISTICOS,BOLETINES ESTADISTICOS,TEMPORAL,2,0,8,10,ELIMINACION,Archivo Central (opcional/intermedio),Ejecutar eliminacion documental conforme PCD/AGN.,Agotado el valor primario y vencidos plazos reglados en AG/AP/OAA.,c46e2cb234e77c910cacdbfda41e2a76fe5dda50ee76ce5a93c82fde77618d79
anexo2_layout.txt,66,2. Nombre de la entidad:,SEGURO SOCIAL DE SALUD (EsSalud),SEGURO SOCIAL DE SALUD (EsSalud),INGE,INGE/02,CORRESPONDENCIA,CORRESPONDENCIA,TEMPORAL,2,0,6,8,ELIMINACION,Archivo de Gestion/Periferico,Ejecutar eliminacion documental conforme PCD/AGN.,Agotado el valor primario y vencidos plazos reglados en AG/AP/OAA.,dca578019248bacaa121264b5a0c9ac1347e7bb1569da0b750dfe9e5c67d2cbc
anexo2_layout.txt,67,2. Nombre de la entidad:,SEGURO SOCIAL DE SALUD (EsSalud),SEGURO SOCIAL DE SALUD (EsSalud),PLES,PLES/01,EXPEDIENTES DE MEMORIAS INSTITUCIONALES,EXPEDIENTES DE MEMORIAS INSTITUCIONALES,TEMPORAL,2,0,8,10,ELIMINACION,Archivo Central (opcional/intermedio),Ejecutar eliminacion documental conforme PCD/AGN.,Agotado el valor primario y vencidos plazos reglados en AG/AP/OAA.,d82194f031929bb5ef9e6b144f9d820134c9d6da4a03253f0561765cadc42bbe
anexo2_layout.txt,67,2. Nombre de la entidad:,SEGURO SOCIAL DE SALUD (EsSalud),SEGURO SOCIAL DE SALUD (EsSalud),PLES,PLES/02,RENDICIONES DE CUENTA DEL TITULAR,RENDICIONES DE CUENTA DEL TITULAR,TEMPORAL,2,0,8,10,ELIMINACION,Archivo Central (opcional/intermedio),Ejecutar eliminacion documental conforme PCD/AGN.,Agotado el valor primario y vencidos plazos reglados en AG/AP/OAA.,bb835105a3251ab2aae4b5a806a2f3133a7e8027c8c61270233bb8930f5b8f9b
anexo2_layout.txt,67,2. Nombre de la entidad:,SEGURO SOCIAL DE SALUD (EsSalud),SEGURO SOCIAL DE SALUD (EsSalud),PLES,PLES/03,EXPEDIENTES DE PLANES ESTRATEGICOS,EXPEDIENTES DE PLANES ESTRATEGICOS,TEMPORAL,2,0,8,10,ELIMINACION,Archivo Central (opcional/intermedio),Ejecutar eliminacion documental conforme PCD/AGN.,Agotado el valor primario y vencidos plazos reglados en AG/AP/OAA.,c268c72fe7d863747473f8a71face087c5868470768a61dcd122d7b2ea629a89
anexo2_layout.txt,67,2. Nombre de la entidad:,SEGURO SOCIAL DE SALUD (EsSalud),SEGURO SOCIAL DE SALUD (EsSalud),PLES,PLES/04,EXPEDIENTES DE PLANES OPERATIVOS,EXPEDIENTES DE PLANES OPERATIVOS,TEMPORAL,2,0,8,10,ELIMINACION,Archivo Central (opcional/intermedio),Ejecutar eliminacion documental conforme PCD/AGN.,Agotado el valor primario y vencidos plazos reglados en AG/AP/OAA.,a2922ff6197be81fcdaa5b0d089bdf8c8af87599784a4fbf50f24aabd681f082
anexo2_layout.txt,67,2. Nombre de la entidad:,SEGURO SOCIAL DE SALUD (EsSalud),SEGURO SOCIAL DE SALUD (EsSalud),PLES,PLES/05,CORRESPONDENCIA,CORRESPONDENCIA,TEMPORAL,2,0,6,8,ELIMINACION,Archivo de Gestion/Periferico,Ejecutar eliminacion documental conforme PCD/AGN.,Agotado el valor primario y vencidos plazos reglados en AG/AP/OAA.,b6243198cd3478a5d771520d04d6ecf53e178a4c00ab1b38b3618d52605f475d
anexo2_layout.txt,68,2. Nombre de la entidad:,SEGURO SOCIAL DE SALUD (EsSalud),SEGURO SOCIAL DE SALUD (EsSalud),GENP,GENP/01,CORRESPONDENCIA,CORRESPONDENCIA,TEMPORAL,2,0,8,10,ELIMINACION,Archivo Central (opcional/intermedio),Ejecutar eliminacion documental conforme PCD/AGN.,Agotado el valor primario y vencidos plazos reglados en AG/AP/OAA.,8372cb793ed8aeabd37e29ed3bead11e46888d05fbdb0f654a50a5d52b381307
anexo2_layout.txt,69,2. Nombre de la entidad:,SEGURO SOCIAL DE SALUD (EsSalud),SEGURO SOCIAL DE SALUD (EsSalud),GENO,GENO/01,CORRESPONDENCIA,CORRESPONDENCIA,TEMPORAL,2,0,6,8,ELIMINACION,Archivo de Gestion/Periferico,Ejecutar eliminacion documental conforme PCD/AGN.,Agotado el valor primario y vencidos plazos reglados en AG/AP/OAA.,9d948a087ed2e208ba73ab43fc5a1cfdd19720f3cd36054d8c16e43d1db90b1b
anexo2_layout.txt,70,2. Nombre de la entidad:,SEGURO SOCIAL DE SALUD (EsSalud),SEGURO SOCIAL DE SALUD (EsSalud),PROC,PROC/01,CORRESPONDENCIA,CORRESPONDENCIA,TEMPORAL,2,0,6,8,ELIMINACION,Archivo de Gestion/Periferico,Ejecutar eliminacion documental conforme PCD/AGN.,Agotado el valor primario y vencidos plazos reglados en AG/AP/OAA.,f73c8df4f014edc8c934c62b7a4568f5ac8ae45392e64efb4ef57f35de827a5d
anexo2_layout.txt,71,2. Nombre de la entidad:,SEGURO SOCIAL DE SALUD (EsSalud),SEGURO SOCIAL DE SALUD (EsSalud),PGCI,PGCI/01,RESOLUCIONES,RESOLUCIONES,PERMANENTE,2,8,20,30,TRANSFERENCIA,Archivo Central,Conservar en Archivo Central de forma indefinida.,Conservacion permanente segun PCD,ffce815c0d2cc68fc81b3a9e6b602239be8fa4da8e4861d32ee9e82220095398
anexo2_layout.txt,71,2. Nombre de la entidad:,SEGURO SOCIAL DE SALUD (EsSalud),SEGURO SOCIAL DE SALUD (EsSalud),PGCI,PGCI/02,CONTRATOS DE ASOCIACION PUBLICO - PRIVADA,CONTRATOS DE ASOCIACION PUBLICO - PRIVADA,PERMANENTE,2,8,20,30,TRANSFERENCIA,Archivo Central,Conservar en Archivo Central de forma indefinida.,Conservacion permanente segun PCD,51ab164b30f5ab52f5bdc38c9a67ddb14018d552a875703fb0be75581bda8e1f
anexo2_layout.txt,71,2. Nombre de la entidad:,SEGURO SOCIAL DE SALUD (EsSalud),SEGURO SOCIAL DE SALUD (EsSalud),PGCI,PGCI/03,ACTAS,ACTAS,PERMANENTE,2,8,20,30,TRANSFERENCIA,Archivo Central,Conservar en Archivo Central de forma indefinida.,Conservacion permanente segun PCD,0c69a143f0b16cfa7a5f9328e7abb69377a512f6f4d8e93c402152f628148c7c
anexo2_layout.txt,71,2. Nombre de la entidad:,SEGURO SOCIAL DE SALUD (EsSalud),SEGURO SOCIAL DE SALUD (EsSalud),PGCI,PGCI/04,CORRESPONDENCIA,CORRESPONDENCIA,TEMPORAL,2,8,10,20,ELIMINACION,Archivo Central (opcional/intermedio),Ejecutar eliminacion documental conforme PCD/AGN.,Agotado el valor primario y vencidos plazos reglados en AG/AP/OAA.,eb0df8bdba1ff56a5a641aead043ecc88c57d9d8cc1edb7c82163b98c0ae0de0
anexo2_layout.txt,72,2. Nombre de la entidad:,SEGURO SOCIAL DE SALUD (EsSalud),SEGURO SOCIAL DE SALUD (EsSalud),PFAT,PFAT/01,CORRESPONDENCIA,CORRESPONDENCIA,TEMPORAL,2,3,5,10,ELIMINACION,Archivo Central (opcional/intermedio),Ejecutar eliminacion documental conforme PCD/AGN.,Agotado el valor primario y vencidos plazos reglados en AG/AP/OAA.,c84a0b784c7e3d0f7f307418b1d6ed066333937f56f453172065f68649b84085
anexo2_layout.txt,73,2. Nombre de la entidad:,SEGURO SOCIAL DE SALUD (EsSalud),SEGURO SOCIAL DE SALUD (EsSalud),CPIS,CPIS/01,ACTAS DE SESIONES,ACTAS DE SESIONES,PERMANENTE,2,8,20,30,TRANSFERENCIA,Archivo Central,Conservar en Archivo Central de forma indefinida.,Conservacion permanente segun PCD,047f17aca9929707e111761631f7ca0a0760d438a26c477415b9cb4ca5f4d469
anexo2_layout.txt,73,2. Nombre de la entidad:,SEGURO SOCIAL DE SALUD (EsSalud),SEGURO SOCIAL DE SALUD (EsSalud),CPIS,CPIS/02,EXPEDIENTES DE INICIATIVAS PRIVADAS,EXPEDIENTES DE INICIATIVAS PRIVADAS,TEMPORAL,2,8,20,30,ELIMINACION,Archivo Central (opcional/intermedio),Ejecutar eliminacion documental conforme PCD/AGN.,Agotado el valor primario y vencidos plazos reglados en AG/AP/OAA.,85d1c5e8c04771ebf5c921c73d55671682cec12e1db30854f96a632c94054198
anexo2_layout.txt,73,2. Nombre de la entidad:,SEGURO SOCIAL DE SALUD (EsSalud),SEGURO SOCIAL DE SALUD (EsSalud),CPIS,CPIS/03,CORRESPONDENCIA,CORRESPONDENCIA,TEMPORAL,2,8,10,20,ELIMINACION,Archivo Central (opcional/intermedio),Ejecutar eliminacion documental conforme PCD/AGN.,Agotado el valor primario y vencidos plazos reglados en AG/AP/OAA.,1f3a83edc816020637a3637da52bcae92a596219b0eb61234cd85721ba972f83
anexo2_layout.txt,74,2. Nombre de la entidad:,SEGURO SOCIAL DE SALUD (EsSalud),SEGURO SOCIAL DE SALUD (EsSalud),GECO,GECO/01,EXPEDIENTES DE OBRAS,EXPEDIENTES DE OBRAS,PERMANENTE,2,8,20,30,TRANSFERENCIA,Archivo Central,Conservar en Archivo Central de forma indefinida.,Conservacion permanente segun PCD,e8526f87bda8267af14b6d1690fcc7a965eb1c66d6dfe1daa58a6db647ffccd4
anexo2_layout.txt,74,2. Nombre de la entidad:,SEGURO SOCIAL DE SALUD (EsSalud),SEGURO SOCIAL DE SALUD (EsSalud),GECO,GECO/02,CORRESPONDENCIA,CORRESPONDENCIA,TEMPORAL,2,3,5,10,ELIMINACION,Archivo Central (opcional/intermedio),Ejecutar eliminacion documental conforme PCD/AGN.,Agotado el valor primario y vencidos plazos reglados en AG/AP/OAA.,12c6faa17f838f02c5fa70a613f4c4b905b3cfdc098351935b976b8d524b4547
anexo2_layout.txt,75,2. Nombre de la entidad:,SEGURO SOCIAL DE SALUD (EsSalud),SEGURO SOCIAL DE SALUD (EsSalud),TEIC,TEIC/01,RESOLUCIONES,RESOLUCIONES,PERMANENTE,2,0,28,30,TRANSFERENCIA,Archivo Central,Conservar en Archivo Central de forma indefinida.,Conservacion permanente segun PCD,e8a482423f5705922f9faaf540affa25d6d899d95078744825ee1155ddd0153c
anexo2_layout.txt,75,2. Nombre de la entidad:,SEGURO SOCIAL DE SALUD (EsSalud),SEGURO SOCIAL DE SALUD (EsSalud),TEIC,TEIC/02,CORRESPONDENCIA,CORRESPONDENCIA,TEMPORAL,2,0,8,10,ELIMINACION,Archivo Central (opcional/intermedio),Ejecutar eliminacion documental conforme PCD/AGN.,Agotado el valor primario y vencidos plazos reglados en AG/AP/OAA.,99ef427a88fc44ffc96ecbd3f1206bae96a1d857ae821ffbb4c4459c396e4c66
anexo2_layout.txt,76,2. Nombre de la entidad:,SEGURO SOCIAL DE SALUD (EsSalud),SEGURO SOCIAL DE SALUD (EsSalud),OADM,OADM/01,CORRESPONDENCIA,CORRESPONDENCIA,TEMPORAL,2,0,8,10,ELIMINACION,Archivo Central (opcional/intermedio),Ejecutar eliminacion documental conforme PCD/AGN.,Agotado el valor primario y vencidos plazos reglados en AG/AP/OAA.,2e5bdfe0ae3825955fbb9f21e6f1e175d241c8e986a89709a44a0f5f644922b2
anexo2_layout.txt,77,2. Nombre de la entidad:,SEGURO SOCIAL DE SALUD (EsSalud),SEGURO SOCIAL DE SALUD (EsSalud),SEGI,SEGI/01,EXPEDIENTES DE VISITAS INOPINADAS,EXPEDIENTES DE VISITAS INOPINADAS,TEMPORAL,2,0,8,10,ELIMINACION,Archivo Central (opcional/intermedio),Ejecutar eliminacion documental conforme PCD/AGN.,Agotado el valor primario y vencidos plazos reglados en AG/AP/OAA.,d838d47ebc3b079af2454aff663fd84cade9e69a19fafdfa530c59ccbb99189b
anexo2_layout.txt,77,2. Nombre de la entidad:,SEGURO SOCIAL DE SALUD (EsSalud),SEGURO SOCIAL DE SALUD (EsSalud),SEGI,SEGI/02,EXPEDIENTES DE ATENCION DE FIREWALL Y CONTROL,EXPEDIENTES DE ATENCION DE FIREWALL Y CONTROL,TEMPORAL,2,0,8,10,ELIMINACION,Archivo Central (opcional/intermedio),Ejecutar eliminacion documental conforme PCD/AGN.,Agotado el valor primario y vencidos plazos reglados en AG/AP/OAA.,39958b12f516266220c4d4b01859d7487336c37775497ada6a218051e4879be1
anexo2_layout.txt,77,2. Nombre de la entidad:,SEGURO SOCIAL DE SALUD (EsSalud),SEGURO SOCIAL DE SALUD (EsSalud),SEGI,SEGI/03,CORRESPONDENCIA,CORRESPONDENCIA,TEMPORAL,2,0,8,10,ELIMINACION,Archivo Central (opcional/intermedio),Ejecutar eliminacion documental conforme PCD/AGN.,Agotado el valor primario y vencidos plazos reglados en AG/AP/OAA.,e1a5bee27f8f7e66becc933888694c0d33dcedeff58e5acbd824d6b25f0b76cd
anexo2_layout.txt,78,2. Nombre de la entidad:,SEGURO SOCIAL DE SALUD (EsSalud),SEGURO SOCIAL DE SALUD (EsSalud),DESI,DESI/01,CORRESPONDENCIA,CORRESPONDENCIA,TEMPORAL,2,0,8,10,ELIMINACION,Archivo Central (opcional/intermedio),Ejecutar eliminacion documental conforme PCD/AGN.,Agotado el valor primario y vencidos plazos reglados en AG/AP/OAA.,552078e094a9fad40ed59b8082740dc72f50a2164a6d1792df2e99f4bb70825c
anexo2_layout.txt,79,2. Nombre de la entidad:,SEGURO SOCIAL DE SALUD (EsSalud),SEGURO SOCIAL DE SALUD (EsSalud),DESA,DESA/01,CORRESPONDENCIA,CORRESPONDENCIA,TEMPORAL,2,0,8,10,ELIMINACION,Archivo Central (opcional/intermedio),Ejecutar eliminacion documental conforme PCD/AGN.,Agotado el valor primario y vencidos plazos reglados en AG/AP/OAA.,0c444818d5eb87f3f6614a62928ea8165ac1e19e06b5fd9153770469a630aa1a
anexo2_layout.txt,80,2. Nombre de la entidad:,SEGURO SOCIAL DE SALUD (EsSalud),SEGURO SOCIAL DE SALUD (EsSalud),DEAA,DEAA/01,CORRESPONDENCIA,CORRESPONDENCIA,TEMPORAL,2,0,8,10,ELIMINACION,Archivo Central (opcional/intermedio),Ejecutar eliminacion documental conforme PCD/AGN.,Agotado el valor primario y vencidos plazos reglados en AG/AP/OAA.,1ed44cc08cd01e283cc4b0c2b9428d5cabc534244c8877345314ce0aede76aa9
anexo2_layout.txt,81,2. Nombre de la entidad:,SEGURO SOCIAL DE SALUD (EsSalud),SEGURO SOCIAL DE SALUD (EsSalud),PROD,PROD/01,CORRESPONDENCIA,CORRESPONDENCIA,TEMPORAL,2,0,8,10,ELIMINACION,Archivo Central (opcional/intermedio),Ejecutar eliminacion documental conforme PCD/AGN.,Agotado el valor primario y vencidos plazos reglados en AG/AP/OAA.,12ea9822ff322f12b7ca6d957b2778c6cf8d3dad7515bfff122c95d7c46658f0
anexo2_layout.txt,82,2. Nombre de la entidad:,SEGURO SOCIAL DE SALUD (EsSalud),SEGURO SOCIAL DE SALUD (EsSalud),SOUS,SOUS/01,FORMULARIOS DE SERVICIOS DE ACCESO,FORMULARIOS DE SERVICIOS DE ACCESO,TEMPORAL,2,0,8,10,ELIMINACION,Archivo Central (opcional/intermedio),Ejecutar eliminacion documental conforme PCD/AGN.,Agotado el valor primario y vencidos plazos reglados en AG/AP/OAA.,e13b7ac915ee988777091f7621cb51e278f025efdf1e16fa41a73da5f7b14ded
anexo2_layout.txt,82,2. Nombre de la entidad:,SEGURO SOCIAL DE SALUD (EsSalud),SEGURO SOCIAL DE SALUD (EsSalud),SOUS,SOUS/02,CORRESPONDENCIA,CORRESPONDENCIA,TEMPORAL,2,0,8,10,ELIMINACION,Archivo Central (opcional/intermedio),Ejecutar eliminacion documental conforme PCD/AGN.,Agotado el valor primario y vencidos plazos reglados en AG/AP/OAA.,f0da918f3c2941b5df1fe17b26d602323cfed4d452f1e937223a8f8e4118f01a
anexo2_layout.txt,83,2. Nombre de la entidad:,SEGURO SOCIAL DE SALUD (EsSalud),SEGURO SOCIAL DE SALUD (EsSalud),OPER,OPER/01,EXPEDIENTES DE PASES DE PRODUCCION,EXPEDIENTES DE PASES DE PRODUCCION,TEMPORAL,2,0,8,10,ELIMINACION,Archivo Central (opcional/intermedio),Ejecutar eliminacion documental conforme PCD/AGN.,Agotado el valor primario y vencidos plazos reglados en AG/AP/OAA.,0ccc48dd5f15746e77d27870e72e4f644d7dd4433d0849a81f64da8df619fe2b
anexo2_layout.txt,83,2. Nombre de la entidad:,SEGURO SOCIAL DE SALUD (EsSalud),SEGURO SOCIAL DE SALUD (EsSalud),OPER,OPER/02,CORRESPONDENCIA,CORRESPONDENCIA,TEMPORAL,2,0,8,10,ELIMINACION,Archivo Central (opcional/intermedio),Ejecutar eliminacion documental conforme PCD/AGN.,Agotado el valor primario y vencidos plazos reglados en AG/AP/OAA.,dd257ed65ed3bda99c20a09bc42fcf40394f106036ccdb3d7f7d179614d7f021
anexo2_layout.txt,84,2. Nombre de la entidad:,SEGURO SOCIAL DE SALUD (EsSalud),SEGURO SOCIAL DE SALUD (EsSalud),CINT,CINT/01,REGISTROS MAGNETICOS Y OPTICOS,REGISTROS MAGNETICOS Y OPTICOS,PERMANENTE,10,20,0,30,TRANSFERENCIA,Archivo Central,Conservar en Archivo Central de forma indefinida.,Conservacion permanente segun PCD,7d676d6063ebf0e19811470e8316a08b182611bc6bf61c4d769e158be6ffbed5
anexo2_layout.txt,85,2. Nombre de la entidad:,SEGURO SOCIAL DE SALUD (EsSalud),SEGURO SOCIAL DE SALUD (EsSalud),COMU,COMU/01,FORMULARIOS DE SERVICIOS DE COMUNICACION,FORMULARIOS DE SERVICIOS DE COMUNICACION,TEMPORAL,2,0,8,10,ELIMINACION,Archivo Central (opcional/intermedio),Ejecutar eliminacion documental conforme PCD/AGN.,Agotado el valor primario y vencidos plazos reglados en AG/AP/OAA.,4a27acfed6cb8ea7defc5ca1251adf860261d7ddfccb6792e5a9dc3b24a24e37
anexo2_layout.txt,85,2. Nombre de la entidad:,SEGURO SOCIAL DE SALUD (EsSalud),SEGURO SOCIAL DE SALUD (EsSalud),COMU,COMU/02,CORRESPONDENCIA,CORRESPONDENCIA,TEMPORAL,2,0,8,10,ELIMINACION,Archivo Central (opcional/intermedio),Ejecutar eliminacion documental conforme PCD/AGN.,Agotado el valor primario y vencidos plazos reglados en AG/AP/OAA.,b3387703f78004e6a46d8fc5663eb470ba7eec3cca8195ca962462b1311a74b8
anexo2_layout.txt,86,2. Nombre de la entidad:,SEGURO SOCIAL DE SALUD (EsSalud),SEGURO SOCIAL DE SALUD (EsSalud),FINA,FINA/01,RESOLUCIONES,RESOLUCIONES,PERMANENTE,2,3,25,30,TRANSFERENCIA,Archivo Central,Conservar en Archivo Central de forma indefinida.,Conservacion permanente segun PCD,0a62671e631694ad2a521ff05bc15f7c28e675681830dd049afcf14a81170882
anexo2_layout.txt,86,2. Nombre de la entidad:,SEGURO SOCIAL DE SALUD (EsSalud),SEGURO SOCIAL DE SALUD (EsSalud),FINA,FINA/02,CORRESPONDENCIA,CORRESPONDENCIA,TEMPORAL,2,3,5,10,ELIMINACION,Archivo Central (opcional/intermedio),Ejecutar eliminacion documental conforme PCD/AGN.,Agotado el valor primario y vencidos plazos reglados en AG/AP/OAA.,6d8c419f182e4ed31c950ce67b5445441783e211932feddd100fc404b7d0db4d
anexo2_layout.txt,87,2. Nombre de la entidad:,SEGURO SOCIAL DE SALUD (EsSalud),SEGURO SOCIAL DE SALUD (EsSalud),APCG,APCG/02,CORRESPONDENCIA,CORRESPONDENCIA,TEMPORAL,2,0,8,10,ELIMINACION,Archivo Central (opcional/intermedio),Ejecutar eliminacion documental conforme PCD/AGN.,Agotado el valor primario y vencidos plazos reglados en AG/AP/OAA.,4f7d1b7ba64eaa4c42953552f2baf6f453e526087e2700d1660316db843a9fb2
anexo2_layout.txt,88,2. Nombre de la entidad:,SEGURO SOCIAL DE SALUD (EsSalud),SEGURO SOCIAL DE SALUD (EsSalud),INFI,INFI/02,CORRESPONDENCIA,CORRESPONDENCIA,TEMPORAL,2,3,5,10,ELIMINACION,Archivo Central (opcional/intermedio),Ejecutar eliminacion documental conforme PCD/AGN.,Agotado el valor primario y vencidos plazos reglados en AG/AP/OAA.,8c3bb67eaf4ed71e8391aa63b992e10b86c1b92f3f8681805a44e502b0d81ca2
anexo2_layout.txt,89,2. Nombre de la entidad:,SEGURO SOCIAL DE SALUD (EsSalud),SEGURO SOCIAL DE SALUD (EsSalud),ARFI,ARFI/01,EXPEDIENTES DE OPERACIONES DE INVERSIONES,EXPEDIENTES DE OPERACIONES DE INVERSIONES,PERMANENTE,3,10,17,30,TRANSFERENCIA,Archivo Central,Conservar en Archivo Central de forma indefinida.,Conservacion permanente segun PCD,48c5b8d8ef01d988c97c11a23fcc515a4e9843b1b0229ded29429cc84726d8cb
anexo2_layout.txt,89,2. Nombre de la entidad:,SEGURO SOCIAL DE SALUD (EsSalud),SEGURO SOCIAL DE SALUD (EsSalud),ARFI,ARFI/02,ACTAS DE SUBASTAS,ACTAS DE SUBASTAS,PERMANENTE,3,10,17,30,TRANSFERENCIA,Archivo Central,Conservar en Archivo Central de forma indefinida.,Conservacion permanente segun PCD,d0b1fc4e31c8caafa6c79382566552732f51ecd70ad269e232624b38d27da16b
anexo2_layout.txt,89,2. Nombre de la entidad:,SEGURO SOCIAL DE SALUD (EsSalud),SEGURO SOCIAL DE SALUD (EsSalud),ARFI,ARFI/03,SERVICIOS DE BANCO CUSTODIO,SERVICIOS DE BANCO CUSTODIO,PERMANENTE,3,10,17,30,TRANSFERENCIA,Archivo Central,Conservar en Archivo Central de forma indefinida.,Conservacion permanente segun PCD,3fbd97514f4682bc8cfb69654f2a9329c46a4af990021c2403b5de74b88e5299
anexo2_layout.txt,89,2. Nombre de la entidad:,SEGURO SOCIAL DE SALUD (EsSalud),SEGURO SOCIAL DE SALUD (EsSalud),ARFI,ARFI/04,INFORMES DIARIOS DE INVERSION,INFORMES DIARIOS DE INVERSION,TEMPORAL,2,8,10,20,ELIMINACION,Archivo Central (opcional/intermedio),Ejecutar eliminacion documental conforme PCD/AGN.,Agotado el valor primario y vencidos plazos reglados en AG/AP/OAA.,ab75d6654bf2a070ec7f70cf9b4f79f38d5a75a40472693308ebd7ca4d23f432
anexo2_layout.txt,89,2. Nombre de la entidad:,SEGURO SOCIAL DE SALUD (EsSalud),SEGURO SOCIAL DE SALUD (EsSalud),ARFI,ARFI/05,ESTADOS DE CUENTAS BANCARIAS,ESTADOS DE CUENTAS BANCARIAS,TEMPORAL,2,8,10,20,ELIMINACION,Archivo Central (opcional/intermedio),Ejecutar eliminacion documental conforme PCD/AGN.,Agotado el valor primario y vencidos plazos reglados en AG/AP/OAA.,2cc84c555bf6dc348eaf820a7fd81b0cf074baf07f2ad1d71d5279670477f578
anexo2_layout.txt,89,2. Nombre de la entidad:,SEGURO SOCIAL DE SALUD (EsSalud),SEGURO SOCIAL DE SALUD (EsSalud),ARFI,ARFI/06,ESTADOS DE FONDOS MUTUOS,ESTADOS DE FONDOS MUTUOS,TEMPORAL,2,8,10,20,ELIMINACION,Archivo Central (opcional/intermedio),Ejecutar eliminacion documental conforme PCD/AGN.,Agotado el valor primario y vencidos plazos reglados en AG/AP/OAA.,cf4579fadd7488a047050469a318be3645b0c373d2677552ff074922da606f07
anexo2_layout.txt,89,2. Nombre de la entidad:,SEGURO SOCIAL DE SALUD (EsSalud),SEGURO SOCIAL DE SALUD (EsSalud),ARFI,ARFI/07,CARTAS ORDENES,CARTAS ORDENES,TEMPORAL,2,3,15,20,ELIMINACION,Archivo Central (opcional/intermedio),Ejecutar eliminacion documental conforme PCD/AGN.,Agotado el valor primario y vencidos plazos reglados en AG/AP/OAA.,580c37aa214aaa54136d5bd73831d94e5b1235403526f513ad7ad34d57217a45
anexo2_layout.txt,89,2. Nombre de la entidad:,SEGURO SOCIAL DE SALUD (EsSalud),SEGURO SOCIAL DE SALUD (EsSalud),ARFI,ARFI/08,CORRESPONDENCIA,CORRESPONDENCIA,TEMPORAL,2,3,5,10,ELIMINACION,Archivo Central (opcional/intermedio),Ejecutar eliminacion documental conforme PCD/AGN.,Agotado el valor primario y vencidos plazos reglados en AG/AP/OAA.,22b2c8ba4840c814f9fcb481ac367b5e078e8c31bebac2b3aa26810e1f3ad054
anexo2_layout.txt,90,2. Nombre de la entidad:,SEGURO SOCIAL DE SALUD (EsSalud),SEGURO SOCIAL DE SALUD (EsSalud),INVF,INVF/01,CORRESPONDENCIA,CORRESPONDENCIA,TEMPORAL,2,3,5,10,ELIMINACION,Archivo Central (opcional/intermedio),Ejecutar eliminacion documental conforme PCD/AGN.,Agotado el valor primario y vencidos plazos reglados en AG/AP/OAA.,3cc61d35d5bc31783c6e0a92eff38dc81345bbbebd2360e0d4532ed21a2a034b
anexo2_layout.txt,91,2. Nombre de la entidad:,SEGURO SOCIAL DE SALUD (EsSalud),SEGURO SOCIAL DE SALUD (EsSalud),TESO,TESO/01,CORRESPONDENCIA,CORRESPONDENCIA,TEMPORAL,2,3,5,10,ELIMINACION,Archivo Central (opcional/intermedio),Ejecutar eliminacion documental conforme PCD/AGN.,Agotado el valor primario y vencidos plazos reglados en AG/AP/OAA.,dc8cc4e53b9b4055bbf59b032d794b867d8b5fad9bc277c35075f0593913166a
anexo2_layout.txt,92,2. Nombre de la entidad:,SEGURO SOCIAL DE SALUD (EsSalud),SEGURO SOCIAL DE SALUD (EsSalud),INEG,INEG/01,CORRESPONDENCIA,CORRESPONDENCIA,TEMPORAL,2,0,8,10,ELIMINACION,Archivo Central (opcional/intermedio),Ejecutar eliminacion documental conforme PCD/AGN.,Agotado el valor primario y vencidos plazos reglados en AG/AP/OAA.,f06cab11347258451851f649b85c2cca5e3fd3cf7a033357ea0f973c5ef199da
anexo2_layout.txt,93,2. Nombre de la entidad:,SEGURO SOCIAL DE SALUD (EsSalud),SEGURO SOCIAL DE SALUD (EsSalud),SUBS,SUBS/01,EXPEDIENTES DE PAGOS DE SUBSIDIOS,EXPEDIENTES DE PAGOS DE SUBSIDIOS,TEMPORAL,2,0,10,12,ELIMINACION,Archivo Central (opcional/intermedio),Ejecutar eliminacion documental conforme PCD/AGN.,Agotado el valor primario y vencidos plazos reglados en AG/AP/OAA.,20b353a4f61241ea9eefbd2a9076e9a0c7680c77a7830ef69ca4fdff7c18cc6c
anexo2_layout.txt,94,2. Nombre de la entidad:,SEGURO SOCIAL DE SALUD (EsSalud),SEGURO SOCIAL DE SALUD (EsSalud),INTR,INTR/01,CARTAS ORDENES,CARTAS ORDENES,TEMPORAL,2,3,15,20,ELIMINACION,Archivo Central (opcional/intermedio),Ejecutar eliminacion documental conforme PCD/AGN.,Agotado el valor primario y vencidos plazos reglados en AG/AP/OAA.,6aaf17929ec7ba3694f7279a6029116998531809d59177b3e397d843881ac9f3
anexo2_layout.txt,94,2. Nombre de la entidad:,SEGURO SOCIAL DE SALUD (EsSalud),SEGURO SOCIAL DE SALUD (EsSalud),INTR,INTR/02,EXPEDIENTES DE INGRESOS CONTABLES,EXPEDIENTES DE INGRESOS CONTABLES,TEMPORAL,2,0,8,10,ELIMINACION,Archivo Central (opcional/intermedio),Ejecutar eliminacion documental conforme PCD/AGN.,Agotado el valor primario y vencidos plazos reglados en AG/AP/OAA.,b7abc345c6d43e7f8749f387b8bc041c712e5225bb82cea4724cbf1911fc6227
anexo2_layout.txt,94,2. Nombre de la entidad:,SEGURO SOCIAL DE SALUD (EsSalud),SEGURO SOCIAL DE SALUD (EsSalud),INTR,INTR/03,EXPEDIENTES DE PAGOS POR FIDEICOMISOS,EXPEDIENTES DE PAGOS POR FIDEICOMISOS,TEMPORAL,2,0,8,10,ELIMINACION,Archivo Central (opcional/intermedio),Ejecutar eliminacion documental conforme PCD/AGN.,Agotado el valor primario y vencidos plazos reglados en AG/AP/OAA.,4a26d99190cd2a678d4f42ec39106bfae91b6d598a15e0a2e5883ed1b8f8782e
anexo2_layout.txt,95,2. Nombre de la entidad:,SEGURO SOCIAL DE SALUD (EsSalud),SEGURO SOCIAL DE SALUD (EsSalud),EGRE,EGRE/01,CARTAS FIANZAS,CARTAS FIANZAS,PERMANENTE,2,2,26,30,TRANSFERENCIA,Archivo Central,Conservar en Archivo Central de forma indefinida.,Conservacion permanente segun PCD,5ddcbeeef80e53e2f24186a4abb67b5c22c921556e18a885dba5781ebf12bccc
anexo2_layout.txt,95,2. Nombre de la entidad:,SEGURO SOCIAL DE SALUD (EsSalud),SEGURO SOCIAL DE SALUD (EsSalud),EGRE,EGRE/02,PAGARES,PAGARES,PERMANENTE,2,2,26,30,TRANSFERENCIA,Archivo Central,Conservar en Archivo Central de forma indefinida.,Conservacion permanente segun PCD,1a65fdbecdd93372361926576a52cd5d8fbb2e83bcd5b483a95e8a677dbc0593
anexo2_layout.txt,95,2. Nombre de la entidad:,SEGURO SOCIAL DE SALUD (EsSalud),SEGURO SOCIAL DE SALUD (EsSalud),EGRE,EGRE/03,COMPROBANTES DE PAGOS,COMPROBANTES DE PAGOS,TEMPORAL,2,3,10,15,ELIMINACION,Archivo Central (opcional/intermedio),Ejecutar eliminacion documental conforme PCD/AGN.,Agotado el valor primario y vencidos plazos reglados en AG/AP/OAA.,db0408055fc829db8d90cfbd2add6e04f8f187d18471a2174fa58bbe3632a99f
anexo2_layout.txt,95,2. Nombre de la entidad:,SEGURO SOCIAL DE SALUD (EsSalud),SEGURO SOCIAL DE SALUD (EsSalud),EGRE,EGRE/04,FACTURAS DE BANCA ELECTRONICA,FACTURAS DE BANCA ELECTRONICA,TEMPORAL,2,3,10,15,ELIMINACION,Archivo Central (opcional/intermedio),Ejecutar eliminacion documental conforme PCD/AGN.,Agotado el valor primario y vencidos plazos reglados en AG/AP/OAA.,204e7845ad26318ca8b7a12aeac51d9ebec06713df0c6a6b40bb4603e76e3309
anexo2_layout.txt,95,2. Nombre de la entidad:,SEGURO SOCIAL DE SALUD (EsSalud),SEGURO SOCIAL DE SALUD (EsSalud),EGRE,EGRE/05,CERTIFICADOS DE RETENCIONES,CERTIFICADOS DE RETENCIONES,TEMPORAL,2,2,6,10,ELIMINACION,Archivo Central (opcional/intermedio),Ejecutar eliminacion documental conforme PCD/AGN.,Agotado el valor primario y vencidos plazos reglados en AG/AP/OAA.,46976f097e0b0639101d91621dbe720c2a001a90017ee3dc8713a027db108608
anexo2_layout.txt,95,2. Nombre de la entidad:,SEGURO SOCIAL DE SALUD (EsSalud),SEGURO SOCIAL DE SALUD (EsSalud),EGRE,EGRE/06,CONSTANCIAS DE DETRACCIONES,CONSTANCIAS DE DETRACCIONES,TEMPORAL,2,2,6,10,ELIMINACION,Archivo Central (opcional/intermedio),Ejecutar eliminacion documental conforme PCD/AGN.,Agotado el valor primario y vencidos plazos reglados en AG/AP/OAA.,c3288e71cddac08fb89b40933f56941c89bd138069284a8a3e79edc63d59e5ee
anexo2_layout.txt,95,2. Nombre de la entidad:,SEGURO SOCIAL DE SALUD (EsSalud),SEGURO SOCIAL DE SALUD (EsSalud),EGRE,EGRE/07,EXTRACTOS BANCARIOS,EXTRACTOS BANCARIOS,TEMPORAL,2,3,5,10,ELIMINACION,Archivo Central (opcional/intermedio),Ejecutar eliminacion documental conforme PCD/AGN.,Agotado el valor primario y vencidos plazos reglados en AG/AP/OAA.,6d89230bfc1318d5ff8ae4b0b2aab1314f4cf3bc2ddc5f6ae5c1f45d9debd353
anexo2_layout.txt,95,2. Nombre de la entidad:,SEGURO SOCIAL DE SALUD (EsSalud),SEGURO SOCIAL DE SALUD (EsSalud),EGRE,EGRE/08,HABILITACIONES DE FONDOS,HABILITACIONES DE FONDOS,TEMPORAL,2,3,5,10,ELIMINACION,Archivo Central (opcional/intermedio),Ejecutar eliminacion documental conforme PCD/AGN.,Agotado el valor primario y vencidos plazos reglados en AG/AP/OAA.,8ff4c204b6d12eed1014af191fc725dd862dfc16f178994077079656e2848180
anexo2_layout.txt,96,2. Nombre de la entidad:,SEGURO SOCIAL DE SALUD (EsSalud),SEGURO SOCIAL DE SALUD (EsSalud),PRES,PRES/01,CORRESPONDENCIA,CORRESPONDENCIA,TEMPORAL,2,3,5,10,ELIMINACION,Archivo Central (opcional/intermedio),Ejecutar eliminacion documental conforme PCD/AGN.,Agotado el valor primario y vencidos plazos reglados en AG/AP/OAA.,a71dbe02794c886e63c4c394fbb934d1e10c37e8f28ca6d2f1a80c998535d3a0
anexo2_layout.txt,97,2. Nombre de la entidad:,SEGURO SOCIAL DE SALUD (EsSalud),SEGURO SOCIAL DE SALUD (EsSalud),ASRE,ASRE/01,MOFIDICACIONES PRESUPUESTALES,MOFIDICACIONES PRESUPUESTALES,TEMPORAL,2,0,8,10,ELIMINACION,Archivo Central (opcional/intermedio),Ejecutar eliminacion documental conforme PCD/AGN.,Agotado el valor primario y vencidos plazos reglados en AG/AP/OAA.,4ce9b45b415213a8bcffa287f9a6055b88993d0efd1e3f23e8588ae91c799324
anexo2_layout.txt,97,2. Nombre de la entidad:,SEGURO SOCIAL DE SALUD (EsSalud),SEGURO SOCIAL DE SALUD (EsSalud),ASRE,ASRE/02,EXPEDIENTES DE EVALUACIONES PRESUPUESTALES,EXPEDIENTES DE EVALUACIONES PRESUPUESTALES,TEMPORAL,2,0,8,10,ELIMINACION,Archivo Central (opcional/intermedio),Ejecutar eliminacion documental conforme PCD/AGN.,Agotado el valor primario y vencidos plazos reglados en AG/AP/OAA.,bf68087e9c14a7763cece31b1a433ac534a4031c7c3f4fc6ebce0c937ba3b8d5
anexo2_layout.txt,97,2. Nombre de la entidad:,SEGURO SOCIAL DE SALUD (EsSalud),SEGURO SOCIAL DE SALUD (EsSalud),ASRE,ASRE/03,CORRESPONDENCIA,CORRESPONDENCIA,TEMPORAL,2,0,8,10,ELIMINACION,Archivo Central (opcional/intermedio),Ejecutar eliminacion documental conforme PCD/AGN.,Agotado el valor primario y vencidos plazos reglados en AG/AP/OAA.,c1eda4633c3213714405f4566f8f96df9dcba6b55445725032b559cc09bbf354
anexo2_layout.txt,98,2. Nombre de la entidad:,SEGURO SOCIAL DE SALUD (EsSalud),SEGURO SOCIAL DE SALUD (EsSalud),PRPR,PRPR/01,CORRESPONDENCIA,CORRESPONDENCIA,TEMPORAL,2,0,8,10,ELIMINACION,Archivo Central (opcional/intermedio),Ejecutar eliminacion documental conforme PCD/AGN.,Agotado el valor primario y vencidos plazos reglados en AG/AP/OAA.,47d1b6d86aeeb8f9ea3f3ba36dc1a1327997add9c56177791664b33af2cbbaa6
anexo2_layout.txt,99,2. Nombre de la entidad:,SEGURO SOCIAL DE SALUD (EsSalud),SEGURO SOCIAL DE SALUD (EsSalud),CONT,CONT/01,CORRESPONDENCIA,CORRESPONDENCIA,TEMPORAL,2,0,8,10,ELIMINACION,Archivo Central (opcional/intermedio),Ejecutar eliminacion documental conforme PCD/AGN.,Agotado el valor primario y vencidos plazos reglados en AG/AP/OAA.,743b4eaba7e85cac472860640798281d4fd07b1e1ecee67494bb47ef8a79f210
anexo2_layout.txt,100,2. Nombre de la entidad:,SEGURO SOCIAL DE SALUD (EsSalud),SEGURO SOCIAL DE SALUD (EsSalud),PRCO,PRCO/01,LIBROS MAYORES,LIBROS MAYORES,PERMANENTE,3,0,27,30,TRANSFERENCIA,Archivo Central,Conservar en Archivo Central de forma indefinida.,Conservacion permanente segun PCD,b40230b46f91fa7cec8f1714aeb57dacffb129ed26bbe22f1289ae9d87f21044
anexo2_layout.txt,100,2. Nombre de la entidad:,SEGURO SOCIAL DE SALUD (EsSalud),SEGURO SOCIAL DE SALUD (EsSalud),PRCO,PRCO/02,LIBROS DIARIOS,LIBROS DIARIOS,PERMANENTE,3,0,27,30,TRANSFERENCIA,Archivo Central,Conservar en Archivo Central de forma indefinida.,Conservacion permanente segun PCD,5adefadb370320f581c846edd55b0c6a8b45fb37e31d988591631eb618a86dbd
anexo2_layout.txt,100,2. Nombre de la entidad:,SEGURO SOCIAL DE SALUD (EsSalud),SEGURO SOCIAL DE SALUD (EsSalud),PRCO,PRCO/03,LIBROS DE INVENTARIOS Y BALANCES,LIBROS DE INVENTARIOS Y BALANCES,PERMANENTE,3,0,27,30,TRANSFERENCIA,Archivo Central,Conservar en Archivo Central de forma indefinida.,Conservacion permanente segun PCD,8528f331adc59bbe00cd3845d065753941509100e8d89a0e4aa666e8b5ad238e
anexo2_layout.txt,100,2. Nombre de la entidad:,SEGURO SOCIAL DE SALUD (EsSalud),SEGURO SOCIAL DE SALUD (EsSalud),PRCO,PRCO/04,BALANCES DE COMPROBACION,BALANCES DE COMPROBACION,PERMANENTE,3,0,27,30,TRANSFERENCIA,Archivo Central,Conservar en Archivo Central de forma indefinida.,Conservacion permanente segun PCD,c75de7ab8bb2c39552687342f45cf4210f8fd2de3d474aa7e5c90c1f3b49dcfb
anexo2_layout.txt,100,2. Nombre de la entidad:,SEGURO SOCIAL DE SALUD (EsSalud),SEGURO SOCIAL DE SALUD (EsSalud),PRCO,PRCO/05,BALANCES GENERALES,BALANCES GENERALES,PERMANENTE,3,0,27,30,TRANSFERENCIA,Archivo Central,Conservar en Archivo Central de forma indefinida.,Conservacion permanente segun PCD,2921dc372dc5b9dff020160c64f053550d40b4ab169a1fe2c795273daa35dda0
anexo2_layout.txt,100,2. Nombre de la entidad:,SEGURO SOCIAL DE SALUD (EsSalud),SEGURO SOCIAL DE SALUD (EsSalud),PRCO,PRCO/06,ESTADOS FINANCIEROS,ESTADOS FINANCIEROS,TEMPORAL,3,0,17,20,ELIMINACION,Archivo Central (opcional/intermedio),Ejecutar eliminacion documental conforme PCD/AGN.,Agotado el valor primario y vencidos plazos reglados en AG/AP/OAA.,0e19e83d431496005f93c5d6b6708376b749104d17a289a93bc1acd29ab62a49
anexo2_layout.txt,100,2. Nombre de la entidad:,SEGURO SOCIAL DE SALUD (EsSalud),SEGURO SOCIAL DE SALUD (EsSalud),PRCO,PRCO/07,EXPEDIENTES DE RESERVAS LEGALES,EXPEDIENTES DE RESERVAS LEGALES,TEMPORAL,3,0,17,20,ELIMINACION,Archivo Central (opcional/intermedio),Ejecutar eliminacion documental conforme PCD/AGN.,Agotado el valor primario y vencidos plazos reglados en AG/AP/OAA.,97cf9ab8fd9c628788c6f64e6a07599f53f9da92c0590b20a227a6aa32936982
anexo2_layout.txt,100,2. Nombre de la entidad:,SEGURO SOCIAL DE SALUD (EsSalud),SEGURO SOCIAL DE SALUD (EsSalud),PRCO,PRCO/08,EXPEDIENTES DE SUSTENTOS CONTABLES,EXPEDIENTES DE SUSTENTOS CONTABLES,TEMPORAL,2,0,13,15,ELIMINACION,Archivo Central (opcional/intermedio),Ejecutar eliminacion documental conforme PCD/AGN.,Agotado el valor primario y vencidos plazos reglados en AG/AP/OAA.,3fcf1a07654489b7cd2bd70bd22c8304e222fe3ce1e40a4333624013b14973bd
anexo2_layout.txt,100,2. Nombre de la entidad:,SEGURO SOCIAL DE SALUD (EsSalud),SEGURO SOCIAL DE SALUD (EsSalud),PRCO,PRCO/09,EXPEDIENTES DE RENDICION DE ANTICIPOS,EXPEDIENTES DE RENDICION DE ANTICIPOS,TEMPORAL,2,0,13,15,ELIMINACION,Archivo Central (opcional/intermedio),Ejecutar eliminacion documental conforme PCD/AGN.,Agotado el valor primario y vencidos plazos reglados en AG/AP/OAA.,d62d26bbc907bb091e873d920584ea71247537d3e3f18bd94f09d0568fd3d825
anexo2_layout.txt,100,2. Nombre de la entidad:,SEGURO SOCIAL DE SALUD (EsSalud),SEGURO SOCIAL DE SALUD (EsSalud),PRCO,PRCO/10,INVENTARIOS DE EXISTENCIAS,INVENTARIOS DE EXISTENCIAS,TEMPORAL,2,0,8,10,ELIMINACION,Archivo Central (opcional/intermedio),Ejecutar eliminacion documental conforme PCD/AGN.,Agotado el valor primario y vencidos plazos reglados en AG/AP/OAA.,4861f4c21749543ea4c86185742a67c9ebbffd7e224b0cec561f4eed7d06d1b2
anexo2_layout.txt,100,2. Nombre de la entidad:,SEGURO SOCIAL DE SALUD (EsSalud),SEGURO SOCIAL DE SALUD (EsSalud),PRCO,PRCO/11,CORRESPONDENCIA,CORRESPONDENCIA,TEMPORAL,2,0,8,10,ELIMINACION,Archivo Central (opcional/intermedio),Ejecutar eliminacion documental conforme PCD/AGN.,Agotado el valor primario y vencidos plazos reglados en AG/AP/OAA.,c05b5f2afd6e880bab5bb81c6336908af489d0b5cf0546cefbbd6d0f652520f2
anexo2_layout.txt,101,2. Nombre de la entidad:,SEGURO SOCIAL DE SALUD (EsSalud),SEGURO SOCIAL DE SALUD (EsSalud),CCSI,CCSI/01,EXPEDIENTES DE PAGO DE FIDEICOMISOS,EXPEDIENTES DE PAGO DE FIDEICOMISOS,PERMANENTE,5,0,25,30,TRANSFERENCIA,Archivo Central,Conservar en Archivo Central de forma indefinida.,Conservacion permanente segun PCD,a74592ca7413ffd4fc988279c883ef3f04a5efc89f4b0cf448cc81a7df2f324a
anexo2_layout.txt,101,2. Nombre de la entidad:,SEGURO SOCIAL DE SALUD (EsSalud),SEGURO SOCIAL DE SALUD (EsSalud),CCSI,CCSI/02,DECLARACIONES JURADAS DE IMPUESTOS,DECLARACIONES JURADAS DE IMPUESTOS,TEMPORAL,5,0,15,20,ELIMINACION,Archivo Central (opcional/intermedio),Ejecutar eliminacion documental conforme PCD/AGN.,Agotado el valor primario y vencidos plazos reglados en AG/AP/OAA.,66f9502083ce2cb06c59035d207310796b97b01587a04e47a7034ec500aefe68
anexo2_layout.txt,101,2. Nombre de la entidad:,SEGURO SOCIAL DE SALUD (EsSalud),SEGURO SOCIAL DE SALUD (EsSalud),CCSI,CCSI/03,REGISTRO DE COMPRAS,REGISTRO DE COMPRAS,TEMPORAL,2,0,18,20,ELIMINACION,Archivo Central (opcional/intermedio),Ejecutar eliminacion documental conforme PCD/AGN.,Agotado el valor primario y vencidos plazos reglados en AG/AP/OAA.,04f96fbe26be3f17088c9f48a2895a164ebe1c96c5d726a6dd761c59b87f9e64
anexo2_layout.txt,101,2. Nombre de la entidad:,SEGURO SOCIAL DE SALUD (EsSalud),SEGURO SOCIAL DE SALUD (EsSalud),CCSI,CCSI/04,REGISTRO DE VENTAS,REGISTRO DE VENTAS,TEMPORAL,2,0,18,20,ELIMINACION,Archivo Central (opcional/intermedio),Ejecutar eliminacion documental conforme PCD/AGN.,Agotado el valor primario y vencidos plazos reglados en AG/AP/OAA.,52e66b120416b105a4c1693b302f39ae82ef6b224fc297d4cce9d7bb9efa8ef8
anexo2_layout.txt,101,2. Nombre de la entidad:,SEGURO SOCIAL DE SALUD (EsSalud),SEGURO SOCIAL DE SALUD (EsSalud),CCSI,CCSI/05,REGISTRO DE RETENCIONES DE CUARTA CATEGORIA,REGISTRO DE RETENCIONES DE CUARTA CATEGORIA,TEMPORAL,2,0,18,20,ELIMINACION,Archivo Central (opcional/intermedio),Ejecutar eliminacion documental conforme PCD/AGN.,Agotado el valor primario y vencidos plazos reglados en AG/AP/OAA.,d98fab8a7e417d6f265225b5196e21c63b6cec7aec23034eddb3933d01cf1e0f
anexo2_layout.txt,101,2. Nombre de la entidad:,SEGURO SOCIAL DE SALUD (EsSalud),SEGURO SOCIAL DE SALUD (EsSalud),CCSI,CCSI/06,REGISTRO DE RETENCIONES DE IGV,REGISTRO DE RETENCIONES DE IGV,TEMPORAL,2,0,18,20,ELIMINACION,Archivo Central (opcional/intermedio),Ejecutar eliminacion documental conforme PCD/AGN.,Agotado el valor primario y vencidos plazos reglados en AG/AP/OAA.,f825ca0977ebe4ce7382d50a839407caf622f513abe2043124835cd88dcae6f8
anexo2_layout.txt,101,2. Nombre de la entidad:,SEGURO SOCIAL DE SALUD (EsSalud),SEGURO SOCIAL DE SALUD (EsSalud),CCSI,CCSI/07,EXPEDIENTES DE CUENTAS POR COBRAR,EXPEDIENTES DE CUENTAS POR COBRAR,TEMPORAL,2,0,18,20,ELIMINACION,Archivo Central (opcional/intermedio),Ejecutar eliminacion documental conforme PCD/AGN.,Agotado el valor primario y vencidos plazos reglados en AG/AP/OAA.,95c533558c562fe129ebd08e23de8a6093e40a55710b63a7db476af3d2c8f0dc
anexo2_layout.txt,101,2. Nombre de la entidad:,SEGURO SOCIAL DE SALUD (EsSalud),SEGURO SOCIAL DE SALUD (EsSalud),CCSI,CCSI/08,EXPEDIENTES DE VIAJES AL EXTERIOR,EXPEDIENTES DE VIAJES AL EXTERIOR,TEMPORAL,2,0,13,15,ELIMINACION,Archivo Central (opcional/intermedio),Ejecutar eliminacion documental conforme PCD/AGN.,Agotado el valor primario y vencidos plazos reglados en AG/AP/OAA.,4eeab0c13ed15471fce2c9a24f533c1be9dcc0bcd40c89636ecfbd994e3343cb
anexo2_layout.txt,101,2. Nombre de la entidad:,SEGURO SOCIAL DE SALUD (EsSalud),SEGURO SOCIAL DE SALUD (EsSalud),CCSI,CCSI/10,EXPEDIENTES DE SUSTENTOS DE IMPUESTOS,EXPEDIENTES DE SUSTENTOS DE IMPUESTOS,TEMPORAL,2,0,13,15,ELIMINACION,Archivo Central (opcional/intermedio),Ejecutar eliminacion documental conforme PCD/AGN.,Agotado el valor primario y vencidos plazos reglados en AG/AP/OAA.,ad0309d28d5c6e068f081948c462b79e9ebeea59e626d8ae0856517f73d85524
anexo2_layout.txt,101,2. Nombre de la entidad:,SEGURO SOCIAL DE SALUD (EsSalud),SEGURO SOCIAL DE SALUD (EsSalud),CCSI,CCSI/11,CONCILIACIONES BANCARIAS,CONCILIACIONES BANCARIAS,TEMPORAL,2,0,13,15,ELIMINACION,Archivo Central (opcional/intermedio),Ejecutar eliminacion documental conforme PCD/AGN.,Agotado el valor primario y vencidos plazos reglados en AG/AP/OAA.,a8cbfb6d72d302a3e485021a63ec97047a1c2164e340f8331b6bc13579397592
anexo2_layout.txt,101,2. Nombre de la entidad:,SEGURO SOCIAL DE SALUD (EsSalud),SEGURO SOCIAL DE SALUD (EsSalud),CCSI,CCSI/12,CORRESPONDENCIA,CORRESPONDENCIA,TEMPORAL,2,0,8,10,ELIMINACION,Archivo Central (opcional/intermedio),Ejecutar eliminacion documental conforme PCD/AGN.,Agotado el valor primario y vencidos plazos reglados en AG/AP/OAA.,14803529f08e28d785b541844ca9df90d0268281500d9114ba697429176b5012
anexo2_layout.txt,102,2. Nombre de la entidad:,SEGURO SOCIAL DE SALUD (EsSalud),SEGURO SOCIAL DE SALUD (EsSalud),COCO,COCO/01,CORRESPONDENCIA,CORRESPONDENCIA,TEMPORAL,2,0,8,10,ELIMINACION,Archivo Central (opcional/intermedio),Ejecutar eliminacion documental conforme PCD/AGN.,Agotado el valor primario y vencidos plazos reglados en AG/AP/OAA.,9d67f990c1770c6e3e2a601c754232e30a325a199f2ec23fb162a3c08726362b
anexo2_layout.txt,103,2. Nombre de la entidad:,SEGURO SOCIAL DE SALUD (EsSalud),SEGURO SOCIAL DE SALUD (EsSalud),CORE,CORE/01,EXPEDIENTES DE COBRANZAS DE APELACIONES,EXPEDIENTES DE COBRANZAS DE APELACIONES,TEMPORAL,2,5,8,15,ELIMINACION,Archivo Central (opcional/intermedio),Ejecutar eliminacion documental conforme PCD/AGN.,Agotado el valor primario y vencidos plazos reglados en AG/AP/OAA.,d4a4de6b4d907a655c0470842f9f81f73c296311a5a1d9fb60a79c7c3d01fc46
anexo2_layout.txt,103,2. Nombre de la entidad:,SEGURO SOCIAL DE SALUD (EsSalud),SEGURO SOCIAL DE SALUD (EsSalud),CORE,CORE/02,CORRESPONDENCIA,CORRESPONDENCIA,TEMPORAL,2,2,6,10,ELIMINACION,Archivo Central (opcional/intermedio),Ejecutar eliminacion documental conforme PCD/AGN.,Agotado el valor primario y vencidos plazos reglados en AG/AP/OAA.,573ed82de478842bdbf73fc34d3437dd079e5d933b4c4c5d0e15c0144f3356e4
anexo2_layout.txt,104,2. Nombre de la entidad:,SEGURO SOCIAL DE SALUD (EsSalud),SEGURO SOCIAL DE SALUD (EsSalud),COTR,COTR/01,CORRESPONDENCIA,CORRESPONDENCIA,TEMPORAL,2,3,5,10,ELIMINACION,Archivo Central (opcional/intermedio),Ejecutar eliminacion documental conforme PCD/AGN.,Agotado el valor primario y vencidos plazos reglados en AG/AP/OAA.,952658aa4af68e1f00735469f090a944988efd85e4d31be6c1fb55442aecb554
anexo2_layout.txt,105,2. Nombre de la entidad:,SEGURO SOCIAL DE SALUD (EsSalud),SEGURO SOCIAL DE SALUD (EsSalud),FACT,FACT/01,RESOLUCIONES,RESOLUCIONES,PERMANENTE,2,5,23,30,TRANSFERENCIA,Archivo Central,Conservar en Archivo Central de forma indefinida.,Conservacion permanente segun PCD,464a08ef3147427a1282b9465c58680a5d9f84ff9cea58bf78d49a2cc3932034
anexo2_layout.txt,106,2. Nombre de la entidad:,SEGURO SOCIAL DE SALUD (EsSalud),SEGURO SOCIAL DE SALUD (EsSalud),RECL,RECL/01,RESOLUCIONES,RESOLUCIONES,PERMANENTE,2,5,23,30,TRANSFERENCIA,Archivo Central,Conservar en Archivo Central de forma indefinida.,Conservacion permanente segun PCD,003db11127cdca96dc52ea5e6d2f4e5640a86d6db3fb5b98d80feec3814ac97f
anexo2_layout.txt,107,2. Nombre de la entidad:,SEGURO SOCIAL DE SALUD (EsSalud),SEGURO SOCIAL DE SALUD (EsSalud),FRAC,FRAC/01,RESOLUCIONES,RESOLUCIONES,PERMANENTE,2,5,23,30,TRANSFERENCIA,Archivo Central,Conservar en Archivo Central de forma indefinida.,Conservacion permanente segun PCD,29a4dff959bbab22eae24e55a4cb098fdd89bcefe86647a110a73aa266f4d02a
anexo2_layout.txt,108,2. Nombre de la entidad:,SEGURO SOCIAL DE SALUD (EsSalud),SEGURO SOCIAL DE SALUD (EsSalud),DEVO,DEVO/01,RESOLUCIONES,RESOLUCIONES,PERMANENTE,2,5,23,30,TRANSFERENCIA,Archivo Central,Conservar en Archivo Central de forma indefinida.,Conservacion permanente segun PCD,683624ac8260abfd3bd198ce0aec2c610003a6061960a4e09a4d795e891eedec
anexo2_layout.txt,109,2. Nombre de la entidad:,SEGURO SOCIAL DE SALUD (EsSalud),SEGURO SOCIAL DE SALUD (EsSalud),COAC,COAC/01,EXPEDIENTES DE COBRANZAS COACTIVAS,EXPEDIENTES DE COBRANZAS COACTIVAS,TEMPORAL,2,3,10,15,ELIMINACION,Archivo Central (opcional/intermedio),Ejecutar eliminacion documental conforme PCD/AGN.,Agotado el valor primario y vencidos plazos reglados en AG/AP/OAA.,82ae3b7fd8ec0499a51be4307b8a706203711398b04aa13a3d40a68897396988
anexo2_layout.txt,109,2. Nombre de la entidad:,SEGURO SOCIAL DE SALUD (EsSalud),SEGURO SOCIAL DE SALUD (EsSalud),COAC,COAC/02,CORRESPONDENCIA,CORRESPONDENCIA,TEMPORAL,2,3,5,10,ELIMINACION,Archivo Central (opcional/intermedio),Ejecutar eliminacion documental conforme PCD/AGN.,Agotado el valor primario y vencidos plazos reglados en AG/AP/OAA.,5d941eea81371680b985264a67a50da40f7e77a254d5a8b4c1502e45719da6c4
anexo2_layout.txt,110,2. Nombre de la entidad:,SEGURO SOCIAL DE SALUD (EsSalud),SEGURO SOCIAL DE SALUD (EsSalud),RECU,RECU/01,EXPEDIENTES DE DACION DE PAGO,EXPEDIENTES DE DACION DE PAGO,TEMPORAL,2,5,8,15,ELIMINACION,Archivo Central (opcional/intermedio),Ejecutar eliminacion documental conforme PCD/AGN.,Agotado el valor primario y vencidos plazos reglados en AG/AP/OAA.,13c9db3724edb5f4c1ef9490a013322886d08bb3a833ce707980a6e918be13e6
anexo2_layout.txt,110,2. Nombre de la entidad:,SEGURO SOCIAL DE SALUD (EsSalud),SEGURO SOCIAL DE SALUD (EsSalud),RECU,RECU/02,CORRESPONDENCIA,CORRESPONDENCIA,TEMPORAL,2,3,5,10,ELIMINACION,Archivo Central (opcional/intermedio),Ejecutar eliminacion documental conforme PCD/AGN.,Agotado el valor primario y vencidos plazos reglados en AG/AP/OAA.,49eb62392bd6e370f8ad02d0637023d01c4b2421136df453be891ce78247bb6a
anexo2_layout.txt,111,2. Nombre de la entidad:,SEGURO SOCIAL DE SALUD (EsSalud),SEGURO SOCIAL DE SALUD (EsSalud),GEPE,GEPE/01,RESOLUCIONES,RESOLUCIONES,PERMANENTE,2,3,25,30,TRANSFERENCIA,Archivo Central,Conservar en Archivo Central de forma indefinida.,Conservacion permanente segun PCD,b74b3bca6b527dc0c0dd3ac511954a7556817dc066af262becb5f0ee8a235bd2
anexo2_layout.txt,111,2. Nombre de la entidad:,SEGURO SOCIAL DE SALUD (EsSalud),SEGURO SOCIAL DE SALUD (EsSalud),GEPE,GEPE/02,CORRESPONDENCIA,CORRESPONDENCIA,TEMPORAL,2,2,6,10,ELIMINACION,Archivo Central (opcional/intermedio),Ejecutar eliminacion documental conforme PCD/AGN.,Agotado el valor primario y vencidos plazos reglados en AG/AP/OAA.,920f754d9bea8e8e46d9ff7f7130d3a656ef08295b5507b754ecb5fdf5618dba
anexo2_layout.txt,112,2. Nombre de la entidad:,SEGURO SOCIAL DE SALUD (EsSalud),SEGURO SOCIAL DE SALUD (EsSalud),CEAN,CEAN/01,ACTAS DE SESIONES,ACTAS DE SESIONES,PERMANENTE,2,2,26,30,TRANSFERENCIA,Archivo Central,Conservar en Archivo Central de forma indefinida.,Conservacion permanente segun PCD,cd32f27237fe46092dcfd88d3f328ee898ca21cadcd13cc47e71e36e30d4d477
anexo2_layout.txt,112,2. Nombre de la entidad:,SEGURO SOCIAL DE SALUD (EsSalud),SEGURO SOCIAL DE SALUD (EsSalud),CEAN,CEAN/02,EXPEDIENTES PROCESOS ADMINISTRATIVOS DE ALTO NIVEL,EXPEDIENTES PROCESOS ADMINISTRATIVOS DE ALTO NIVEL,TEMPORAL,2,2,6,10,ELIMINACION,Archivo Central (opcional/intermedio),Ejecutar eliminacion documental conforme PCD/AGN.,Agotado el valor primario y vencidos plazos reglados en AG/AP/OAA.,c10fb4268eb1c9cdb0a4aea88fa448bca217ec63083f56d8521d4f89181e0159
anexo2_layout.txt,112,2. Nombre de la entidad:,SEGURO SOCIAL DE SALUD (EsSalud),SEGURO SOCIAL DE SALUD (EsSalud),CEAN,CEAN/03,CORRESPONDENCIA,CORRESPONDENCIA,TEMPORAL,2,2,6,10,ELIMINACION,Archivo Central (opcional/intermedio),Ejecutar eliminacion documental conforme PCD/AGN.,Agotado el valor primario y vencidos plazos reglados en AG/AP/OAA.,bedf5d315b572d4d98dc80c8dbc122f84430f5b1314d5b459656bf042a5fabcd
anexo2_layout.txt,113,2. Nombre de la entidad:,SEGURO SOCIAL DE SALUD (EsSalud),SEGURO SOCIAL DE SALUD (EsSalud),CEAD,CEAD/01,ACTAS DE SESIONES,ACTAS DE SESIONES,PERMANENTE,2,2,26,30,TRANSFERENCIA,Archivo Central,Conservar en Archivo Central de forma indefinida.,Conservacion permanente segun PCD,b598bbd5f6910facd7519ac8757725b76acc613309d80713ac8299cfd1faf067
anexo2_layout.txt,113,2. Nombre de la entidad:,SEGURO SOCIAL DE SALUD (EsSalud),SEGURO SOCIAL DE SALUD (EsSalud),CEAD,CEAD/02,EXPEDIENTES DE PROCESOS ADMINISTRATIVOS DISCIPLINARIOS,EXPEDIENTES DE PROCESOS ADMINISTRATIVOS DISCIPLINARIOS,TEMPORAL,2,2,6,10,ELIMINACION,Archivo Central (opcional/intermedio),Ejecutar eliminacion documental conforme PCD/AGN.,Agotado el valor primario y vencidos plazos reglados en AG/AP/OAA.,0082afe0a9172b532869196f02f9be7f5ee64d72a2f15332df5faadba86ef47d
anexo2_layout.txt,113,2. Nombre de la entidad:,SEGURO SOCIAL DE SALUD (EsSalud),SEGURO SOCIAL DE SALUD (EsSalud),CEAD,CEAD/03,CORRESPONDENCIA,CORRESPONDENCIA,TEMPORAL,2,2,6,10,ELIMINACION,Archivo Central (opcional/intermedio),Ejecutar eliminacion documental conforme PCD/AGN.,Agotado el valor primario y vencidos plazos reglados en AG/AP/OAA.,25caf54832e4e48bebc4e686dde17a865f18f7f8b00b76f172af7ba16a46f42b
anexo2_layout.txt,114,2. Nombre de la entidad:,SEGURO SOCIAL DE SALUD (EsSalud),SEGURO SOCIAL DE SALUD (EsSalud),ACAG,ACAG/01,CORRESPONDENCIA,CORRESPONDENCIA,TEMPORAL,2,2,4,8,ELIMINACION,Archivo de Gestion/Periferico,Ejecutar eliminacion documental conforme PCD/AGN.,Agotado el valor primario y vencidos plazos reglados en AG/AP/OAA.,442553956428c13720e2150d0f1c4faa8a755b9f09822da7e75df63770429a11
anexo2_layout.txt,115,2. Nombre de la entidad:,SEGURO SOCIAL DE SALUD (EsSalud),SEGURO SOCIAL DE SALUD (EsSalud),SEPC,SEPC/01,EXPEDIENTES DE PROMOCIONES DE PERSONAL,EXPEDIENTES DE PROMOCIONES DE PERSONAL,TEMPORAL,3,4,8,15,ELIMINACION,Archivo Central (opcional/intermedio),Ejecutar eliminacion documental conforme PCD/AGN.,Agotado el valor primario y vencidos plazos reglados en AG/AP/OAA.,ed62d72cbba6ad06cb5b1bb339a6b2be5117e82f28256be8d72efd5d85479da1
anexo2_layout.txt,115,2. Nombre de la entidad:,SEGURO SOCIAL DE SALUD (EsSalud),SEGURO SOCIAL DE SALUD (EsSalud),SEPC,SEPC/02,EXPEDIENTES DE CANDIDATOS A CARGOS EJECUTIVOS,EXPEDIENTES DE CANDIDATOS A CARGOS EJECUTIVOS,TEMPORAL,3,4,8,15,ELIMINACION,Archivo Central (opcional/intermedio),Ejecutar eliminacion documental conforme PCD/AGN.,Agotado el valor primario y vencidos plazos reglados en AG/AP/OAA.,20ffcb26cba32adc3ac99df28a0eb7903f244b25a36aafdc688823a87a2cb0d4
anexo2_layout.txt,115,2. Nombre de la entidad:,SEGURO SOCIAL DE SALUD (EsSalud),SEGURO SOCIAL DE SALUD (EsSalud),SEPC,SEPC/03,EXPEDIENTES DE SELECCIÓN - CONTRATACION DIRECTA,EXPEDIENTES DE SELECCIÓN - CONTRATACION DIRECTA,TEMPORAL,2,3,5,10,ELIMINACION,Archivo Central (opcional/intermedio),Ejecutar eliminacion documental conforme PCD/AGN.,Agotado el valor primario y vencidos plazos reglados en AG/AP/OAA.,a0bf09cb3efa681a4918764218ff7251145aef91308a5861bd99962ed986d3e0
anexo2_layout.txt,115,2. Nombre de la entidad:,SEGURO SOCIAL DE SALUD (EsSalud),SEGURO SOCIAL DE SALUD (EsSalud),SEPC,SEPC/05,CORRESPONDENCIA,CORRESPONDENCIA,TEMPORAL,2,3,5,10,ELIMINACION,Archivo Central (opcional/intermedio),Ejecutar eliminacion documental conforme PCD/AGN.,Agotado el valor primario y vencidos plazos reglados en AG/AP/OAA.,6e0ca5ce22d8974fe54ee564aad81ac9d71c249f64eb3a1d2b71f26f2b275960
anexo2_layout.txt,116,2. Nombre de la entidad:,SEGURO SOCIAL DE SALUD (EsSalud),SEGURO SOCIAL DE SALUD (EsSalud),ADPE,ADPE/01,RESOLUCIONES,RESOLUCIONES,PERMANENTE,1,3,26,30,TRANSFERENCIA,Archivo Central,Conservar en Archivo Central de forma indefinida.,Conservacion permanente segun PCD,2034a2c8b1d523bcf1ae7da5565e88141d36e07cf4d17ca1081ec4e2646fdad1
anexo2_layout.txt,116,2. Nombre de la entidad:,SEGURO SOCIAL DE SALUD (EsSalud),SEGURO SOCIAL DE SALUD (EsSalud),ADPE,ADPE/02,CORRESPONDENCIA,CORRESPONDENCIA,TEMPORAL,1,3,6,10,ELIMINACION,Archivo Central (opcional/intermedio),Ejecutar eliminacion documental conforme PCD/AGN.,Agotado el valor primario y vencidos plazos reglados en AG/AP/OAA.,7b51eb82927890f89db35d9e83b3af146ab0c8b9f38ea18d9cdb559cd2f4e26d
anexo2_layout.txt,117,2. Nombre de la entidad:,SEGURO SOCIAL DE SALUD (EsSalud),SEGURO SOCIAL DE SALUD (EsSalud),PERS,PERS/01,RESOLUCIONES,RESOLUCIONES,PERMANENTE,1,3,26,30,TRANSFERENCIA,Archivo Central,Conservar en Archivo Central de forma indefinida.,Conservacion permanente segun PCD,230bbef6a064f14d81ad24d0c8609be9e4012644fb3a439d748226eeac6f360f
anexo2_layout.txt,117,2. Nombre de la entidad:,SEGURO SOCIAL DE SALUD (EsSalud),SEGURO SOCIAL DE SALUD (EsSalud),PERS,PERS/03,CORRESPONDENCIA,CORRESPONDENCIA,TEMPORAL,1,3,6,10,ELIMINACION,Archivo Central (opcional/intermedio),Ejecutar eliminacion documental conforme PCD/AGN.,Agotado el valor primario y vencidos plazos reglados en AG/AP/OAA.,5bee2dc44b13c0f883b3a55b210b691dfca920d1959ce08935dabc8893ee4603
anexo2_layout.txt,118,2. Nombre de la entidad:,SEGURO SOCIAL DE SALUD (EsSalud),SEGURO SOCIAL DE SALUD (EsSalud),COLP,COLP/01,LEGAJOS DE PERSONAL PENSIONISTAS,LEGAJOS DE PERSONAL PENSIONISTAS,PERMANENTE,1,24,5,30,TRANSFERENCIA,Archivo Central,Conservar en Archivo Central de forma indefinida.,Conservacion permanente segun PCD,47ea1f92b558986110e85fcbe01660a43148de2c3f57273c758011d753210a6f
anexo2_layout.txt,118,2. Nombre de la entidad:,SEGURO SOCIAL DE SALUD (EsSalud),SEGURO SOCIAL DE SALUD (EsSalud),COLP,COLP/02,LEGAJOS DE PERSONAL CESADOS,LEGAJOS DE PERSONAL CESADOS,PERMANENTE,1,24,5,30,TRANSFERENCIA,Archivo Central,Conservar en Archivo Central de forma indefinida.,Conservacion permanente segun PCD,87b5a443690505a19db720afa00c0ef0e9990b6cc6d508b5a75bfab4a9d0e573
anexo2_layout.txt,118,2. Nombre de la entidad:,SEGURO SOCIAL DE SALUD (EsSalud),SEGURO SOCIAL DE SALUD (EsSalud),COLP,COLP/03,LEGAJOS DE PERSONAL ACTIVOS,LEGAJOS DE PERSONAL ACTIVOS,PERMANENTE,1,24,5,30,TRANSFERENCIA,Archivo Central,Conservar en Archivo Central de forma indefinida.,Conservacion permanente segun PCD,e087a4b19793154d0af954ab0e0a770d07c23ada85108adb05169d84cb0d92b9
anexo2_layout.txt,118,2. Nombre de la entidad:,SEGURO SOCIAL DE SALUD (EsSalud),SEGURO SOCIAL DE SALUD (EsSalud),COLP,COLP/04,EXPEDIENTES DE CONVENIOS DE PRACTICAS,EXPEDIENTES DE CONVENIOS DE PRACTICAS,TEMPORAL,1,4,1,6,ELIMINACION,Archivo de Gestion/Periferico,Ejecutar eliminacion documental conforme PCD/AGN.,Agotado el valor primario y vencidos plazos reglados en AG/AP/OAA.,11f0e9f00108211ba5dc9729123f5612ed8cbf4426eee468fbcb46990defdce7
anexo2_layout.txt,118,2. Nombre de la entidad:,SEGURO SOCIAL DE SALUD (EsSalud),SEGURO SOCIAL DE SALUD (EsSalud),COLP,COLP/05,PARTES DIARIO DE ASISTENCIAS,PARTES DIARIO DE ASISTENCIAS,TEMPORAL,1,4,1,6,ELIMINACION,Archivo de Gestion/Periferico,Ejecutar eliminacion documental conforme PCD/AGN.,Agotado el valor primario y vencidos plazos reglados en AG/AP/OAA.,77c420561bc9313b17d11c917ca62b9e242b36d2c7d242cec62a900c6880dfa9
anexo2_layout.txt,118,2. Nombre de la entidad:,SEGURO SOCIAL DE SALUD (EsSalud),SEGURO SOCIAL DE SALUD (EsSalud),COLP,COLP/06,CORRESPONDENCIA,CORRESPONDENCIA,TEMPORAL,1,4,1,6,ELIMINACION,Archivo de Gestion/Periferico,Ejecutar eliminacion documental conforme PCD/AGN.,Agotado el valor primario y vencidos plazos reglados en AG/AP/OAA.,96c123f8ba27a20a6b6f9a502c45a306fad4b4088e70a428c8ec6390e77155ba
anexo2_layout.txt,118,2. Nombre de la entidad:,SEGURO SOCIAL DE SALUD (EsSalud),SEGURO SOCIAL DE SALUD (EsSalud),COLP,COLP/07,CERTIFICADOS,CERTIFICADOS,TEMPORAL,1,1,1,3,ELIMINACION,Archivo de Gestion/Periferico,Ejecutar eliminacion documental conforme PCD/AGN.,Agotado el valor primario y vencidos plazos reglados en AG/AP/OAA.,a9ce48af80f38b2bb5ef6858c4ebea8e9ec70eeaeaacfa486965a0f8bd75a71c
anexo2_layout.txt,118,2. Nombre de la entidad:,SEGURO SOCIAL DE SALUD (EsSalud),SEGURO SOCIAL DE SALUD (EsSalud),COLP,COLP/08,CONSTANCIAS,CONSTANCIAS,TEMPORAL,1,1,1,3,ELIMINACION,Archivo de Gestion/Periferico,Ejecutar eliminacion documental conforme PCD/AGN.,Agotado el valor primario y vencidos plazos reglados en AG/AP/OAA.,c4818050006351eff7bbf6e6be2927109d8e69db74e90250616f5b65181f832d
anexo2_layout.txt,118,2. Nombre de la entidad:,SEGURO SOCIAL DE SALUD (EsSalud),SEGURO SOCIAL DE SALUD (EsSalud),COLP,COLP/09,PAPELETAS DE PERMISOS,PAPELETAS DE PERMISOS,TEMPORAL,1,1,1,3,ELIMINACION,Archivo de Gestion/Periferico,Ejecutar eliminacion documental conforme PCD/AGN.,Agotado el valor primario y vencidos plazos reglados en AG/AP/OAA.,cdbcb2982a4972058ce05e3dd93b14ea4612a035d8b96546bd2ffe0d5631775e
anexo2_layout.txt,119,2. Nombre de la entidad:,SEGURO SOCIAL DE SALUD (EsSalud),SEGURO SOCIAL DE SALUD (EsSalud),COMP,COMP/01,PLANILLAS DE HABERES ACTIVOS,PLANILLAS DE HABERES ACTIVOS,PERMANENTE,1,24,5,30,TRANSFERENCIA,Archivo Central,Conservar en Archivo Central de forma indefinida.,Conservacion permanente segun PCD,51103e8f487b496d4391b2fcd836fa1434c40e2f697a1b1d5394306efc3c8d2b
anexo2_layout.txt,119,2. Nombre de la entidad:,SEGURO SOCIAL DE SALUD (EsSalud),SEGURO SOCIAL DE SALUD (EsSalud),COMP,COMP/02,PLANILLAS DE HABERES CESANTES,PLANILLAS DE HABERES CESANTES,PERMANENTE,1,24,5,30,TRANSFERENCIA,Archivo Central,Conservar en Archivo Central de forma indefinida.,Conservacion permanente segun PCD,112b4d157b9aef48bca56a70d400a3a14a6dc39ced00e889b7fa6167ac866374
anexo2_layout.txt,119,2. Nombre de la entidad:,SEGURO SOCIAL DE SALUD (EsSalud),SEGURO SOCIAL DE SALUD (EsSalud),COMP,COMP/03,PLANILLAS DE COMPENSACION POR TIEMPO DE SERVICIOS,PLANILLAS DE COMPENSACION POR TIEMPO DE SERVICIOS,PERMANENTE,1,24,5,30,TRANSFERENCIA,Archivo Central,Conservar en Archivo Central de forma indefinida.,Conservacion permanente segun PCD,4cb078f840cfb9ac99c5bce0fcce6cefe7c93e6575199f359518dcf5c9b47617
anexo2_layout.txt,119,2. Nombre de la entidad:,SEGURO SOCIAL DE SALUD (EsSalud),SEGURO SOCIAL DE SALUD (EsSalud),COMP,COMP/04,PLANILLAS DE ASOCIACION DE FONDOS PRIVADOS,PLANILLAS DE ASOCIACION DE FONDOS PRIVADOS,PERMANENTE,1,24,5,30,TRANSFERENCIA,Archivo Central,Conservar en Archivo Central de forma indefinida.,Conservacion permanente segun PCD,5bc1ce34481765e2c528a3bd369e5a348fc47b38fa2ecd02577bb1d281b9f231
anexo2_layout.txt,119,2. Nombre de la entidad:,SEGURO SOCIAL DE SALUD (EsSalud),SEGURO SOCIAL DE SALUD (EsSalud),COMP,COMP/05,PLANILLAS DE RETENCIONES DE QUINTA CATEGORIA,PLANILLAS DE RETENCIONES DE QUINTA CATEGORIA,PERMANENTE,1,24,5,30,TRANSFERENCIA,Archivo Central,Conservar en Archivo Central de forma indefinida.,Conservacion permanente segun PCD,41fe7611c4859eafc9ec51a60c78ec3bd990900d28c1a01752b9458c53cd28f4
anexo2_layout.txt,119,2. Nombre de la entidad:,SEGURO SOCIAL DE SALUD (EsSalud),SEGURO SOCIAL DE SALUD (EsSalud),COMP,COMP/06,LIQUIDACIONES DE BENEFICIOS SOCIALES,LIQUIDACIONES DE BENEFICIOS SOCIALES,PERMANENTE,1,24,5,30,TRANSFERENCIA,Archivo Central,Conservar en Archivo Central de forma indefinida.,Conservacion permanente segun PCD,d50d394122523976b99a9c8bcb78692fefefd17a4f0638a22188fccaea0aa586
anexo2_layout.txt,119,2. Nombre de la entidad:,SEGURO SOCIAL DE SALUD (EsSalud),SEGURO SOCIAL DE SALUD (EsSalud),COMP,COMP/07,CERTIFICADOS DE COMPENSACION POR TIEMPO DE SERVICIOS,CERTIFICADOS DE COMPENSACION POR TIEMPO DE SERVICIOS,PERMANENTE,1,24,5,30,TRANSFERENCIA,Archivo Central,Conservar en Archivo Central de forma indefinida.,Conservacion permanente segun PCD,1b83cab447e94ecf7c504fb4a73e3a2541fae20720abc546d2c9573c11431a5a
anexo2_layout.txt,119,2. Nombre de la entidad:,SEGURO SOCIAL DE SALUD (EsSalud),SEGURO SOCIAL DE SALUD (EsSalud),COMP,COMP/08,CERTIFICADOS DE RETENCION,CERTIFICADOS DE RETENCION,PERMANENTE,1,24,5,30,TRANSFERENCIA,Archivo Central,Conservar en Archivo Central de forma indefinida.,Conservacion permanente segun PCD,a8bc6eb38365e30c298e52efbf1b66618398835cb3902576b36e27769a06fd5d
anexo2_layout.txt,119,2. Nombre de la entidad:,SEGURO SOCIAL DE SALUD (EsSalud),SEGURO SOCIAL DE SALUD (EsSalud),COMP,COMP/09,BOLETAS DE PAGO,BOLETAS DE PAGO,PERMANENTE,1,24,5,30,TRANSFERENCIA,Archivo Central,Conservar en Archivo Central de forma indefinida.,Conservacion permanente segun PCD,b972ee6e78bb78d90099a73754b43c07266d01bbf503461d2c5fb6266e4cdb59
anexo2_layout.txt,119,2. Nombre de la entidad:,SEGURO SOCIAL DE SALUD (EsSalud),SEGURO SOCIAL DE SALUD (EsSalud),COMP,COMP/10,REGISTRO ALFABETICO DE PERSONAL,REGISTRO ALFABETICO DE PERSONAL,PERMANENTE,2,8,20,30,TRANSFERENCIA,Archivo Central,Conservar en Archivo Central de forma indefinida.,Conservacion permanente segun PCD,fe7a7c69fc7be20fd32645a93f296b50c16731b3acf2bd6c2dc934e77d025aed
anexo2_layout.txt,119,2. Nombre de la entidad:,SEGURO SOCIAL DE SALUD (EsSalud),SEGURO SOCIAL DE SALUD (EsSalud),COMP,COMP/11,CORRESPONDENCIA,CORRESPONDENCIA,TEMPORAL,2,2,2,6,ELIMINACION,Archivo de Gestion/Periferico,Ejecutar eliminacion documental conforme PCD/AGN.,Agotado el valor primario y vencidos plazos reglados en AG/AP/OAA.,355179ff6547b6cfda347e9738ca795cc5f2cdab6db25084ac8cbefe23858346
anexo2_layout.txt,120,2. Nombre de la entidad:,SEGURO SOCIAL DE SALUD (EsSalud),SEGURO SOCIAL DE SALUD (EsSalud),RELA,RELA/01,CONVENIOS COLECTIVOS,CONVENIOS COLECTIVOS,PERMANENTE,5,0,25,30,TRANSFERENCIA,Archivo Central,Conservar en Archivo Central de forma indefinida.,Conservacion permanente segun PCD,3d7d304c87c234365f8e4221710aa83c9e36bd2f1c55f55b2504e975958d7bd8
anexo2_layout.txt,120,2. Nombre de la entidad:,SEGURO SOCIAL DE SALUD (EsSalud),SEGURO SOCIAL DE SALUD (EsSalud),RELA,RELA/02,EXPEDIENTES DE PLIEGOS DE RECLAMOS,EXPEDIENTES DE PLIEGOS DE RECLAMOS,TEMPORAL,3,0,7,10,ELIMINACION,Archivo Central (opcional/intermedio),Ejecutar eliminacion documental conforme PCD/AGN.,Agotado el valor primario y vencidos plazos reglados en AG/AP/OAA.,762ddfc112ae018cca9849baa4243bc2b3feaf3dc82894b291d94df18caeea5e
anexo2_layout.txt,120,2. Nombre de la entidad:,SEGURO SOCIAL DE SALUD (EsSalud),SEGURO SOCIAL DE SALUD (EsSalud),RELA,RELA/03,EXPEDIENTES DE HUELGAS,EXPEDIENTES DE HUELGAS,TEMPORAL,3,0,7,10,ELIMINACION,Archivo Central (opcional/intermedio),Ejecutar eliminacion documental conforme PCD/AGN.,Agotado el valor primario y vencidos plazos reglados en AG/AP/OAA.,4727bc30bb1762655b12fd1b9e16e59bc632cd41784e77b99e4ca33d8a9813dd
anexo2_layout.txt,120,2. Nombre de la entidad:,SEGURO SOCIAL DE SALUD (EsSalud),SEGURO SOCIAL DE SALUD (EsSalud),RELA,RELA/04,LICENCIAS SINDICALES,LICENCIAS SINDICALES,TEMPORAL,3,0,7,10,ELIMINACION,Archivo Central (opcional/intermedio),Ejecutar eliminacion documental conforme PCD/AGN.,Agotado el valor primario y vencidos plazos reglados en AG/AP/OAA.,eb1deda2d442853ec723cb14581d1b9be7545a3762dd9002263c33e168cfc304
anexo2_layout.txt,120,2. Nombre de la entidad:,SEGURO SOCIAL DE SALUD (EsSalud),SEGURO SOCIAL DE SALUD (EsSalud),RELA,RELA/05,INSPECCIONES DE TRABAJO,INSPECCIONES DE TRABAJO,TEMPORAL,3,0,7,10,ELIMINACION,Archivo Central (opcional/intermedio),Ejecutar eliminacion documental conforme PCD/AGN.,Agotado el valor primario y vencidos plazos reglados en AG/AP/OAA.,33adfbf2e227fdf7df2ca4a48e4c227769f3ddc467aa41e78978628d3bfde1d2
anexo2_layout.txt,120,2. Nombre de la entidad:,SEGURO SOCIAL DE SALUD (EsSalud),SEGURO SOCIAL DE SALUD (EsSalud),RELA,RELA/06,CORRESPONDENCIA,CORRESPONDENCIA,TEMPORAL,3,0,7,10,ELIMINACION,Archivo Central (opcional/intermedio),Ejecutar eliminacion documental conforme PCD/AGN.,Agotado el valor primario y vencidos plazos reglados en AG/AP/OAA.,48abb6f08794e3bbb4124574dcb3a8a034234ba9c8179d310905471b1fefca66
anexo2_layout.txt,123,2. Nombre de la entidad:,SEGURO SOCIAL DE SALUD (EsSalud),SEGURO SOCIAL DE SALUD (EsSalud),CAFP,CAFP/01,EXPEDIENTES DE PLANES DE CAPACITACIONES,EXPEDIENTES DE PLANES DE CAPACITACIONES,TEMPORAL,2,0,8,10,ELIMINACION,Archivo Central (opcional/intermedio),Ejecutar eliminacion documental conforme PCD/AGN.,Agotado el valor primario y vencidos plazos reglados en AG/AP/OAA.,0edf89c3dda899bf8517e6f58bede5953266a8807a5e4d3e64aaf53bf666e934
anexo2_layout.txt,123,2. Nombre de la entidad:,SEGURO SOCIAL DE SALUD (EsSalud),SEGURO SOCIAL DE SALUD (EsSalud),CAFP,CAFP/02,EXPEDIENTES DE INTERNADO MEDICO,EXPEDIENTES DE INTERNADO MEDICO,TEMPORAL,2,0,8,10,ELIMINACION,Archivo Central (opcional/intermedio),Ejecutar eliminacion documental conforme PCD/AGN.,Agotado el valor primario y vencidos plazos reglados en AG/AP/OAA.,fc60173373daa0b3e9b0ad0c3d6043c6648e518fee95dfd1fbfabf64dfac2beb
anexo2_layout.txt,123,2. Nombre de la entidad:,SEGURO SOCIAL DE SALUD (EsSalud),SEGURO SOCIAL DE SALUD (EsSalud),CAFP,CAFP/03,EXPEDIENTES DE RESIDENTADO MEDICO,EXPEDIENTES DE RESIDENTADO MEDICO,TEMPORAL,2,0,8,10,ELIMINACION,Archivo Central (opcional/intermedio),Ejecutar eliminacion documental conforme PCD/AGN.,Agotado el valor primario y vencidos plazos reglados en AG/AP/OAA.,1094543e30d65efecd72426d9fb5d644a7fd107072699162dd9fd5db1e08636a
anexo2_layout.txt,123,2. Nombre de la entidad:,SEGURO SOCIAL DE SALUD (EsSalud),SEGURO SOCIAL DE SALUD (EsSalud),CAFP,CAFP/04,EXPEDIENTES DE SERUMS,EXPEDIENTES DE SERUMS,TEMPORAL,2,0,8,10,ELIMINACION,Archivo Central (opcional/intermedio),Ejecutar eliminacion documental conforme PCD/AGN.,Agotado el valor primario y vencidos plazos reglados en AG/AP/OAA.,1f4f3a2e29f6c59c7a4cd27dd40dae9d73912c98d4aa1fcdacfe75c326f6b3b5
anexo2_layout.txt,123,2. Nombre de la entidad:,SEGURO SOCIAL DE SALUD (EsSalud),SEGURO SOCIAL DE SALUD (EsSalud),CAFP,CAFP/05,EXPEDIENTES DE INVESTIGACION,EXPEDIENTES DE INVESTIGACION,TEMPORAL,2,0,8,10,ELIMINACION,Archivo Central (opcional/intermedio),Ejecutar eliminacion documental conforme PCD/AGN.,Agotado el valor primario y vencidos plazos reglados en AG/AP/OAA.,2556f80ff24a57f24097f0c48d96e1b15676818ca06590e94b625a7755dc124c
anexo2_layout.txt,123,2. Nombre de la entidad:,SEGURO SOCIAL DE SALUD (EsSalud),SEGURO SOCIAL DE SALUD (EsSalud),CAFP,CAFP/06,EXPEDIENTES DE VIAJES AL EXTERIOR,EXPEDIENTES DE VIAJES AL EXTERIOR,TEMPORAL,2,0,8,10,ELIMINACION,Archivo Central (opcional/intermedio),Ejecutar eliminacion documental conforme PCD/AGN.,Agotado el valor primario y vencidos plazos reglados en AG/AP/OAA.,83fd914988985856727afd59a5454dfd66de24e83e9c636698bd78f1af770981
anexo2_layout.txt,123,2. Nombre de la entidad:,SEGURO SOCIAL DE SALUD (EsSalud),SEGURO SOCIAL DE SALUD (EsSalud),CAFP,CAFP/07,PROYECTOS DE PROGRAMAS DE INVESTIGACION,PROYECTOS DE PROGRAMAS DE INVESTIGACION,TEMPORAL,2,0,8,10,ELIMINACION,Archivo Central (opcional/intermedio),Ejecutar eliminacion documental conforme PCD/AGN.,Agotado el valor primario y vencidos plazos reglados en AG/AP/OAA.,267145adf7126a776dcee3ad05f4bb92ce00eedf2cb67e0097c6bdf4f353fe7f
anexo2_layout.txt,123,2. Nombre de la entidad:,SEGURO SOCIAL DE SALUD (EsSalud),SEGURO SOCIAL DE SALUD (EsSalud),CAFP,CAFP/08,INFORMES DE CAPACITACION Y FORMACION,INFORMES DE CAPACITACION Y FORMACION,TEMPORAL,2,0,8,10,ELIMINACION,Archivo Central (opcional/intermedio),Ejecutar eliminacion documental conforme PCD/AGN.,Agotado el valor primario y vencidos plazos reglados en AG/AP/OAA.,9c15af3a9c24b146dca559cfa1dac1eb4c0f068a90229e19a655cf10e6654bab
anexo2_layout.txt,123,2. Nombre de la entidad:,SEGURO SOCIAL DE SALUD (EsSalud),SEGURO SOCIAL DE SALUD (EsSalud),CAFP,CAFP/09,CORRESPONDENCIA,CORRESPONDENCIA,TEMPORAL,2,0,4,6,ELIMINACION,Archivo de Gestion/Periferico,Ejecutar eliminacion documental conforme PCD/AGN.,Agotado el valor primario y vencidos plazos reglados en AG/AP/OAA.,f204925a41b4469e54fac39052a42aec78d8f9fa625c403a2b208b81a4274197
anexo2_layout.txt,124,2. Nombre de la entidad:,SEGURO SOCIAL DE SALUD (EsSalud),SEGURO SOCIAL DE SALUD (EsSalud),BIPE,BIPE/01,POLIZAS DE SEGURO DE TRABAJO,POLIZAS DE SEGURO DE TRABAJO,TEMPORAL,2,2,6,10,ELIMINACION,Archivo Central (opcional/intermedio),Ejecutar eliminacion documental conforme PCD/AGN.,Agotado el valor primario y vencidos plazos reglados en AG/AP/OAA.,64208e3a391d506a1768b23e9bd34fd3039502e668127f2714debfba6d66b8b7
anexo2_layout.txt,124,2. Nombre de la entidad:,SEGURO SOCIAL DE SALUD (EsSalud),SEGURO SOCIAL DE SALUD (EsSalud),BIPE,BIPE/04,EXPEDIENTES DE PROGRAMAS DE CUIDADO DE SALUD,EXPEDIENTES DE PROGRAMAS DE CUIDADO DE SALUD,TEMPORAL,2,2,6,10,ELIMINACION,Archivo Central (opcional/intermedio),Ejecutar eliminacion documental conforme PCD/AGN.,Agotado el valor primario y vencidos plazos reglados en AG/AP/OAA.,b6bfd3b957aabe1c92019c872beddd5e227348adc050f026bb00ba9459462e63
anexo2_layout.txt,124,2. Nombre de la entidad:,SEGURO SOCIAL DE SALUD (EsSalud),SEGURO SOCIAL DE SALUD (EsSalud),BIPE,BIPE/05,CORRESPONDENCIA,CORRESPONDENCIA,TEMPORAL,2,2,4,8,ELIMINACION,Archivo de Gestion/Periferico,Ejecutar eliminacion documental conforme PCD/AGN.,Agotado el valor primario y vencidos plazos reglados en AG/AP/OAA.,85c6a69e8150d242048a64567ffb672998cf45195978c1208108a8a7c61e630d
anexo2_layout.txt,125,2. Nombre de la entidad:,SEGURO SOCIAL DE SALUD (EsSalud),SEGURO SOCIAL DE SALUD (EsSalud),MODE,MODE/01,RESOLUCIONES DIRECTORALES,RESOLUCIONES DIRECTORALES,PERMANENTE,2,8,20,30,TRANSFERENCIA,Archivo Central,Conservar en Archivo Central de forma indefinida.,Conservacion permanente segun PCD,95ae463520c68cb48bc9c34049fdc4863e89e49e4367d8f1c1224b647de82e21
anexo2_layout.txt,125,2. Nombre de la entidad:,SEGURO SOCIAL DE SALUD (EsSalud),SEGURO SOCIAL DE SALUD (EsSalud),MODE,MODE/02,CORRESPONDENCIA,CORRESPONDENCIA,TEMPORAL,2,4,4,10,ELIMINACION,Archivo Central (opcional/intermedio),Ejecutar eliminacion documental conforme PCD/AGN.,Agotado el valor primario y vencidos plazos reglados en AG/AP/OAA.,376c965d9a07cbc7da1c686ce6774b48f6ba4dcbdbbf74975afc55df24659bc5
anexo2_layout.txt,125,2. Nombre de la entidad:,SEGURO SOCIAL DE SALUD (EsSalud),SEGURO SOCIAL DE SALUD (EsSalud),MODE,MODE/03,AUTORIZACIONES DE DESCUENTOS DE SERVICIO INTEGRAL,AUTORIZACIONES DE DESCUENTOS DE SERVICIO INTEGRAL,TEMPORAL,2,2,2,6,ELIMINACION,Archivo de Gestion/Periferico,Ejecutar eliminacion documental conforme PCD/AGN.,Agotado el valor primario y vencidos plazos reglados en AG/AP/OAA.,bd8f380f9db0259d7b287c2099a5fc01d57a6edc96a251722b070359bb9b1222
anexo2_layout.txt,125,2. Nombre de la entidad:,SEGURO SOCIAL DE SALUD (EsSalud),SEGURO SOCIAL DE SALUD (EsSalud),MODE,MODE/04,CONSTANCIAS,CONSTANCIAS,TEMPORAL,1,1,1,3,ELIMINACION,Archivo de Gestion/Periferico,Ejecutar eliminacion documental conforme PCD/AGN.,Agotado el valor primario y vencidos plazos reglados en AG/AP/OAA.,9acd00f9ff9b31ad1645aa0eb534ae99aff2fffe3fbad40348033ee7874dcd1d
anexo2_layout.txt,126,2. Nombre de la entidad:,SEGURO SOCIAL DE SALUD (EsSalud),SEGURO SOCIAL DE SALUD (EsSalud),MOAD,MOAD/01,CORRESPONDENCIA,CORRESPONDENCIA,TEMPORAL,2,3,5,10,ELIMINACION,Archivo Central (opcional/intermedio),Ejecutar eliminacion documental conforme PCD/AGN.,Agotado el valor primario y vencidos plazos reglados en AG/AP/OAA.,b43aec25f04a12f303b69a688e1bfb5d025a052a471202d3df98ad752218576c
anexo2_layout.txt,127,2. Nombre de la entidad:,SEGURO SOCIAL DE SALUD (EsSalud),SEGURO SOCIAL DE SALUD (EsSalud),MOEN,MOEN/01,HISTORIAS CLINICAS DE ENFERMERIA,HISTORIAS CLINICAS DE ENFERMERIA,TEMPORAL,5,1,4,10,ELIMINACION,Archivo Central (opcional/intermedio),Ejecutar eliminacion documental conforme PCD/AGN.,Agotado el valor primario y vencidos plazos reglados en AG/AP/OAA.,e73deb12849a1a1dfcd9fea8ba3ec3f55570a77d0761efd08b8d0c752529fa6e
anexo2_layout.txt,127,2. Nombre de la entidad:,SEGURO SOCIAL DE SALUD (EsSalud),SEGURO SOCIAL DE SALUD (EsSalud),MOEN,MOEN/02,REGISTROS DE ENFERMERIA,REGISTROS DE ENFERMERIA,TEMPORAL,2,1,2,5,ELIMINACION,Archivo de Gestion/Periferico,Ejecutar eliminacion documental conforme PCD/AGN.,Agotado el valor primario y vencidos plazos reglados en AG/AP/OAA.,0fedbce118d39bcc801661a6bf0f41b02ead1bce93029fb8e3b9c7fabb64e4aa
anexo2_layout.txt,127,2. Nombre de la entidad:,SEGURO SOCIAL DE SALUD (EsSalud),SEGURO SOCIAL DE SALUD (EsSalud),MOEN,MOEN/03,CORRESPONDENCIA,CORRESPONDENCIA,TEMPORAL,2,1,2,5,ELIMINACION,Archivo de Gestion/Periferico,Ejecutar eliminacion documental conforme PCD/AGN.,Agotado el valor primario y vencidos plazos reglados en AG/AP/OAA.,af75ccdba512b0d8f8a96775970773c02f40d22905ca5fdbe282e77a9bd5ee8d
anexo2_layout.txt,128,2. Nombre de la entidad:,SEGURO SOCIAL DE SALUD (EsSalud),SEGURO SOCIAL DE SALUD (EsSalud),MOPS,MOPS/01,HISTORIAS PSICOEDUCATIVAS,HISTORIAS PSICOEDUCATIVAS,TEMPORAL,5,1,4,10,ELIMINACION,Archivo Central (opcional/intermedio),Ejecutar eliminacion documental conforme PCD/AGN.,Agotado el valor primario y vencidos plazos reglados en AG/AP/OAA.,d617eabef784b42f80e621f4ca6761eedd5c88c6df6b217386ba389f1cb160f3
anexo2_layout.txt,128,2. Nombre de la entidad:,SEGURO SOCIAL DE SALUD (EsSalud),SEGURO SOCIAL DE SALUD (EsSalud),MOPS,MOPS/02,CORRESPONDENCIA,CORRESPONDENCIA,TEMPORAL,2,1,2,5,ELIMINACION,Archivo de Gestion/Periferico,Ejecutar eliminacion documental conforme PCD/AGN.,Agotado el valor primario y vencidos plazos reglados en AG/AP/OAA.,f578c8f919636d60a2e89f058c301b9c9445f69d6b78fbc295c5db212c956e88
anexo2_layout.txt,129,2. Nombre de la entidad:,SEGURO SOCIAL DE SALUD (EsSalud),SEGURO SOCIAL DE SALUD (EsSalud),MOAS,MOAS/01,EXPEDIENTES DE ASISTENCIA SOCIAL,EXPEDIENTES DE ASISTENCIA SOCIAL,TEMPORAL,5,1,4,10,ELIMINACION,Archivo Central (opcional/intermedio),Ejecutar eliminacion documental conforme PCD/AGN.,Agotado el valor primario y vencidos plazos reglados en AG/AP/OAA.,f2fa3a58c6038bbfb4e3760ab6fc4d005e4744b4e3fd32d8407e27f5f23874f2
anexo2_layout.txt,129,2. Nombre de la entidad:,SEGURO SOCIAL DE SALUD (EsSalud),SEGURO SOCIAL DE SALUD (EsSalud),MOAS,MOAS/02,CORRESPONDENCIA,CORRESPONDENCIA,TEMPORAL,2,1,2,5,ELIMINACION,Archivo de Gestion/Periferico,Ejecutar eliminacion documental conforme PCD/AGN.,Agotado el valor primario y vencidos plazos reglados en AG/AP/OAA.,b391bf1501612e4469cd10938281382b2d5563a336fe9dace9d0fb7c63d0576e
anexo2_layout.txt,130,2. Nombre de la entidad:,SEGURO SOCIAL DE SALUD (EsSalud),SEGURO SOCIAL DE SALUD (EsSalud),MONU,MONU/01,HISTORIAS NUTRICIONALES,HISTORIAS NUTRICIONALES,TEMPORAL,5,1,4,10,ELIMINACION,Archivo Central (opcional/intermedio),Ejecutar eliminacion documental conforme PCD/AGN.,Agotado el valor primario y vencidos plazos reglados en AG/AP/OAA.,2ce98b9acacd725c24b7b3e7ee067fa2eafed97917ba6a791476430f8990d168
anexo2_layout.txt,130,2. Nombre de la entidad:,SEGURO SOCIAL DE SALUD (EsSalud),SEGURO SOCIAL DE SALUD (EsSalud),MONU,MONU/02,EXPEDIENTES DE CONSUMO DE VIVERES,EXPEDIENTES DE CONSUMO DE VIVERES,TEMPORAL,2,4,4,10,ELIMINACION,Archivo Central (opcional/intermedio),Ejecutar eliminacion documental conforme PCD/AGN.,Agotado el valor primario y vencidos plazos reglados en AG/AP/OAA.,c5be1c1dcef9cde31ac2372d260b75c227f0df459c95e5f79013b8e4a8825ebd
anexo2_layout.txt,130,2. Nombre de la entidad:,SEGURO SOCIAL DE SALUD (EsSalud),SEGURO SOCIAL DE SALUD (EsSalud),MONU,MONU/03,CORRESPONDENCIA,CORRESPONDENCIA,TEMPORAL,2,1,2,5,ELIMINACION,Archivo de Gestion/Periferico,Ejecutar eliminacion documental conforme PCD/AGN.,Agotado el valor primario y vencidos plazos reglados en AG/AP/OAA.,b4921061aaae18cdd9f17f57d41dbac590fc45b8bb3a6ff9700cc46ebc60df69
anexo2_layout.txt,131,2. Nombre de la entidad:,SEGURO SOCIAL DE SALUD (EsSalud),SEGURO SOCIAL DE SALUD (EsSalud),SETE,SETE/01,AUTORIZACIONES DE DESCUENTOS,AUTORIZACIONES DE DESCUENTOS,TEMPORAL,2,0,4,6,ELIMINACION,Archivo de Gestion/Periferico,Ejecutar eliminacion documental conforme PCD/AGN.,Agotado el valor primario y vencidos plazos reglados en AG/AP/OAA.,8ff988f4be3d5f80ecadb8b8f205b969dfa4f88cedaeb95b2b5473bcc3633304
anexo2_layout.txt,131,2. Nombre de la entidad:,SEGURO SOCIAL DE SALUD (EsSalud),SEGURO SOCIAL DE SALUD (EsSalud),SETE,SETE/02,CONSTANCIAS DE ADEUDOS Y NO ADEUDOS,CONSTANCIAS DE ADEUDOS Y NO ADEUDOS,TEMPORAL,2,0,4,6,ELIMINACION,Archivo de Gestion/Periferico,Ejecutar eliminacion documental conforme PCD/AGN.,Agotado el valor primario y vencidos plazos reglados en AG/AP/OAA.,894df19d82b19562a18a452293d6bbfaca9fa98bcc5da96ea11c7328cbf9ef24
anexo2_layout.txt,131,2. Nombre de la entidad:,SEGURO SOCIAL DE SALUD (EsSalud),SEGURO SOCIAL DE SALUD (EsSalud),SETE,SETE/03,EXPEDIENTES DE SOLICITUDES DE CREDITOS,EXPEDIENTES DE SOLICITUDES DE CREDITOS,TEMPORAL,2,0,4,6,ELIMINACION,Archivo de Gestion/Periferico,Ejecutar eliminacion documental conforme PCD/AGN.,Agotado el valor primario y vencidos plazos reglados en AG/AP/OAA.,a732e746cbcdaed1676a74295f6e1f6c7834260cd2e4a3cec6d1ee1e11bb1749
anexo2_layout.txt,131,2. Nombre de la entidad:,SEGURO SOCIAL DE SALUD (EsSalud),SEGURO SOCIAL DE SALUD (EsSalud),SETE,SETE/04,CORRESPONDENCIA,CORRESPONDENCIA,TEMPORAL,2,0,4,6,ELIMINACION,Archivo de Gestion/Periferico,Ejecutar eliminacion documental conforme PCD/AGN.,Agotado el valor primario y vencidos plazos reglados en AG/AP/OAA.,6b5643bed42cd84725f64a5afdaa425de67f53b0d983f2ebc22be707e967a37b
anexo2_layout.txt,132,2. Nombre de la entidad:,SEGURO SOCIAL DE SALUD (EsSalud),SEGURO SOCIAL DE SALUD (EsSalud),LOGI,LOGI/01,RESOLUCIONES,RESOLUCIONES,PERMANENTE,2,3,25,30,TRANSFERENCIA,Archivo Central,Conservar en Archivo Central de forma indefinida.,Conservacion permanente segun PCD,7a7ef42415621bca46c33514069bd32c5625fb31d7cff2f2ee3445198a3f9193
anexo2_layout.txt,132,2. Nombre de la entidad:,SEGURO SOCIAL DE SALUD (EsSalud),SEGURO SOCIAL DE SALUD (EsSalud),LOGI,LOGI/02,CORRESPONDENCIA,CORRESPONDENCIA,TEMPORAL,2,3,5,10,ELIMINACION,Archivo Central (opcional/intermedio),Ejecutar eliminacion documental conforme PCD/AGN.,Agotado el valor primario y vencidos plazos reglados en AG/AP/OAA.,839c12d5a5ab599135c8e06112a2bdbceada75d7cb54d353a3d08f05690de8f2
anexo2_layout.txt,133,2. Nombre de la entidad:,SEGURO SOCIAL DE SALUD (EsSalud),SEGURO SOCIAL DE SALUD (EsSalud),EVDC,EVDC/01,EXPEDIENTES DE PLAN ANUAL DE CONTRATACIONES,EXPEDIENTES DE PLAN ANUAL DE CONTRATACIONES,TEMPORAL,2,3,5,10,ELIMINACION,Archivo Central (opcional/intermedio),Ejecutar eliminacion documental conforme PCD/AGN.,Agotado el valor primario y vencidos plazos reglados en AG/AP/OAA.,a5b812deec3b86a8d9f09805614b4effc5927c647d3a548d1cf88dfc21d94309
anexo2_layout.txt,133,2. Nombre de la entidad:,SEGURO SOCIAL DE SALUD (EsSalud),SEGURO SOCIAL DE SALUD (EsSalud),EVDC,EVDC/02,EXPEDIENTES DE CONTROL DE PROCESOS,EXPEDIENTES DE CONTROL DE PROCESOS,TEMPORAL,2,3,5,10,ELIMINACION,Archivo Central (opcional/intermedio),Ejecutar eliminacion documental conforme PCD/AGN.,Agotado el valor primario y vencidos plazos reglados en AG/AP/OAA.,15e1933fd41900ab1f4901adc5f70b452458de3dc05a16fab0221855f93b0f33
anexo2_layout.txt,133,2. Nombre de la entidad:,SEGURO SOCIAL DE SALUD (EsSalud),SEGURO SOCIAL DE SALUD (EsSalud),EVDC,EVDC/03,CORRESPONDENCIA,CORRESPONDENCIA,TEMPORAL,2,2,4,8,ELIMINACION,Archivo de Gestion/Periferico,Ejecutar eliminacion documental conforme PCD/AGN.,Agotado el valor primario y vencidos plazos reglados en AG/AP/OAA.,f792c753ede377711229e452ff1634152fdd321b7b355c923dc7509264be8415
anexo2_layout.txt,134,2. Nombre de la entidad:,SEGURO SOCIAL DE SALUD (EsSalud),SEGURO SOCIAL DE SALUD (EsSalud),PROG,PROG/01,CORRESPONDENCIA,CORRESPONDENCIA,TEMPORAL,2,2,4,8,ELIMINACION,Archivo de Gestion/Periferico,Ejecutar eliminacion documental conforme PCD/AGN.,Agotado el valor primario y vencidos plazos reglados en AG/AP/OAA.,7d73a9ab5aef8d9cc3c1406923ae4c6375ee8d0675aa50eb4208e79e09aafdbc
anexo2_layout.txt,135,2. Nombre de la entidad:,SEGURO SOCIAL DE SALUD (EsSalud),SEGURO SOCIAL DE SALUD (EsSalud),BEME,BEME/01,CORRESPONDENCIA,CORRESPONDENCIA,TEMPORAL,2,2,4,8,ELIMINACION,Archivo de Gestion/Periferico,Ejecutar eliminacion documental conforme PCD/AGN.,Agotado el valor primario y vencidos plazos reglados en AG/AP/OAA.,0fee4ce435756f3e7d72a1b68210a9d1512e718488b2a0566cb01b69e051413a
anexo2_layout.txt,136,2. Nombre de la entidad:,SEGURO SOCIAL DE SALUD (EsSalud),SEGURO SOCIAL DE SALUD (EsSalud),SPRO,SPRO/01,CORRESPONDENCIA,CORRESPONDENCIA,TEMPORAL,2,2,4,8,ELIMINACION,Archivo de Gestion/Periferico,Ejecutar eliminacion documental conforme PCD/AGN.,Agotado el valor primario y vencidos plazos reglados en AG/AP/OAA.,a5fece4c7a4303a3a43a8e206147847a47510d4c4abad5b236a0ce4f423fa81d
anexo2_layout.txt,137,2. Nombre de la entidad:,SEGURO SOCIAL DE SALUD (EsSalud),SEGURO SOCIAL DE SALUD (EsSalud),ALDI,ALDI/01,CORRESPONDENCIA,CORRESPONDENCIA,TEMPORAL,2,2,4,8,ELIMINACION,Archivo de Gestion/Periferico,Ejecutar eliminacion documental conforme PCD/AGN.,Agotado el valor primario y vencidos plazos reglados en AG/AP/OAA.,8f7b8450d99dcce343d255505d7fd8353e0c865cd0f97feb500d64cfb45d1e5f
anexo2_layout.txt,138,2. Nombre de la entidad:,SEGURO SOCIAL DE SALUD (EsSalud),SEGURO SOCIAL DE SALUD (EsSalud),ALCE,ALCE/01,NOTAS DE ENTRADA,NOTAS DE ENTRADA,TEMPORAL,2,3,5,10,ELIMINACION,Archivo Central (opcional/intermedio),Ejecutar eliminacion documental conforme PCD/AGN.,Agotado el valor primario y vencidos plazos reglados en AG/AP/OAA.,6369c69287a32822c9c9db1fe06d491f985f2f2d3c30ab560bedab3fb493b83a
anexo2_layout.txt,138,2. Nombre de la entidad:,SEGURO SOCIAL DE SALUD (EsSalud),SEGURO SOCIAL DE SALUD (EsSalud),ALCE,ALCE/02,NOTAS DE SALIDA,NOTAS DE SALIDA,TEMPORAL,2,3,5,10,ELIMINACION,Archivo Central (opcional/intermedio),Ejecutar eliminacion documental conforme PCD/AGN.,Agotado el valor primario y vencidos plazos reglados en AG/AP/OAA.,997a1ef097ca26ec99c74f1e12298d6042b1194c3c1c1c1c2515dbbfb3f2d83b
anexo2_layout.txt,139,2. Nombre de la entidad:,SEGURO SOCIAL DE SALUD (EsSalud),SEGURO SOCIAL DE SALUD (EsSalud),ADQU,ADQU/01,CARTAS NOTARIALES,CARTAS NOTARIALES,TEMPORAL,2,2,4,8,ELIMINACION,Archivo de Gestion/Periferico,Ejecutar eliminacion documental conforme PCD/AGN.,Agotado el valor primario y vencidos plazos reglados en AG/AP/OAA.,dae7c61548aaba1e337e483fcca18dd2c422d3e8dd82ec020f7092f7df94b59b
anexo2_layout.txt,139,2. Nombre de la entidad:,SEGURO SOCIAL DE SALUD (EsSalud),SEGURO SOCIAL DE SALUD (EsSalud),ADQU,ADQU/02,CORRESPONDENCIA,CORRESPONDENCIA,TEMPORAL,2,2,4,8,ELIMINACION,Archivo de Gestion/Periferico,Ejecutar eliminacion documental conforme PCD/AGN.,Agotado el valor primario y vencidos plazos reglados en AG/AP/OAA.,97a5139bb791ae866b176a60ada63d1ab26f183d88c51578e065057e41a3621f
anexo2_layout.txt,140,2. Nombre de la entidad:,SEGURO SOCIAL DE SALUD (EsSalud),SEGURO SOCIAL DE SALUD (EsSalud),CSAP,CSAP/01,CONSTANCIAS DE PRESTACIONES DE BIENES Y SERVICIOS,CONSTANCIAS DE PRESTACIONES DE BIENES Y SERVICIOS,TEMPORAL,2,2,6,10,ELIMINACION,Archivo Central (opcional/intermedio),Ejecutar eliminacion documental conforme PCD/AGN.,Agotado el valor primario y vencidos plazos reglados en AG/AP/OAA.,8e7c24e2211e47fcd3f4b688a4a23b81cf7aa55bc91cec3df5000ac7140d10c7
anexo2_layout.txt,140,2. Nombre de la entidad:,SEGURO SOCIAL DE SALUD (EsSalud),SEGURO SOCIAL DE SALUD (EsSalud),CSAP,CSAP/02,EXPEDIENTES DE PAGO,EXPEDIENTES DE PAGO,TEMPORAL,2,3,5,10,ELIMINACION,Archivo Central (opcional/intermedio),Ejecutar eliminacion documental conforme PCD/AGN.,Agotado el valor primario y vencidos plazos reglados en AG/AP/OAA.,4ad1b4b874e6cc8befcdf722cba75fca918fcbf8a03a283374e66bb111d40325
anexo2_layout.txt,140,2. Nombre de la entidad:,SEGURO SOCIAL DE SALUD (EsSalud),SEGURO SOCIAL DE SALUD (EsSalud),CSAP,CSAP/03,CARTAS NOTARIALES,CARTAS NOTARIALES,TEMPORAL,2,2,4,8,ELIMINACION,Archivo de Gestion/Periferico,Ejecutar eliminacion documental conforme PCD/AGN.,Agotado el valor primario y vencidos plazos reglados en AG/AP/OAA.,19caa2d8d2774eef1a1856864ccd4832b29e9b28099173659a01a6729746b9bd
anexo2_layout.txt,140,2. Nombre de la entidad:,SEGURO SOCIAL DE SALUD (EsSalud),SEGURO SOCIAL DE SALUD (EsSalud),CSAP,CSAP/04,CORRESPONDENCIA,CORRESPONDENCIA,TEMPORAL,2,2,4,8,ELIMINACION,Archivo de Gestion/Periferico,Ejecutar eliminacion documental conforme PCD/AGN.,Agotado el valor primario y vencidos plazos reglados en AG/AP/OAA.,ba80603ffb7393b572b745838872d285baaa8dc4ffa95d072ab74646baf3276d
anexo2_layout.txt,141,2. Nombre de la entidad:,SEGURO SOCIAL DE SALUD (EsSalud),SEGURO SOCIAL DE SALUD (EsSalud),SADQ,SADQ/01,EXPEDIENTES DE EXONERACIONES,EXPEDIENTES DE EXONERACIONES,PERMANENTE,1,5,24,30,TRANSFERENCIA,Archivo Central,Conservar en Archivo Central de forma indefinida.,Conservacion permanente segun PCD,7a08c20ab3ed4779fb9961efab2e68895035e052d172019d019acd8b7847a408
anexo2_layout.txt,141,2. Nombre de la entidad:,SEGURO SOCIAL DE SALUD (EsSalud),SEGURO SOCIAL DE SALUD (EsSalud),SADQ,SADQ/02,EXPEDIENTES DE LICITACIONES PUBLICAS,EXPEDIENTES DE LICITACIONES PUBLICAS,TEMPORAL,3,3,9,15,ELIMINACION,Archivo Central (opcional/intermedio),Ejecutar eliminacion documental conforme PCD/AGN.,Agotado el valor primario y vencidos plazos reglados en AG/AP/OAA.,5e3d2ac7cfb82179ca6fe46c083424f7f5a2283a5c93a3271cebb034beb3eb6f
anexo2_layout.txt,141,2. Nombre de la entidad:,SEGURO SOCIAL DE SALUD (EsSalud),SEGURO SOCIAL DE SALUD (EsSalud),SADQ,SADQ/03,EXPEDIENTES DE CONCURSOS PUBLICOS,EXPEDIENTES DE CONCURSOS PUBLICOS,TEMPORAL,3,3,9,15,ELIMINACION,Archivo Central (opcional/intermedio),Ejecutar eliminacion documental conforme PCD/AGN.,Agotado el valor primario y vencidos plazos reglados en AG/AP/OAA.,b54c6488d30c68f34271c466b52ee791ec349fcd57d910b12317a88ec0b69cd6
anexo2_layout.txt,141,2. Nombre de la entidad:,SEGURO SOCIAL DE SALUD (EsSalud),SEGURO SOCIAL DE SALUD (EsSalud),SADQ,SADQ/04,EXPEDIENTES DE ADJUDICACIONES DIRECTAS PUBLICAS,EXPEDIENTES DE ADJUDICACIONES DIRECTAS PUBLICAS,TEMPORAL,2,4,9,15,ELIMINACION,Archivo Central (opcional/intermedio),Ejecutar eliminacion documental conforme PCD/AGN.,Agotado el valor primario y vencidos plazos reglados en AG/AP/OAA.,2e14708b553a1af6d9b7af63cf59ec457375f6aca02338700d8dd5f8582e442d
anexo2_layout.txt,141,2. Nombre de la entidad:,SEGURO SOCIAL DE SALUD (EsSalud),SEGURO SOCIAL DE SALUD (EsSalud),SADQ,SADQ/05,EXPEDIENTES DE ADJUDICACIONES DIRECTAS SELECTIVAS,EXPEDIENTES DE ADJUDICACIONES DIRECTAS SELECTIVAS,TEMPORAL,2,4,9,15,ELIMINACION,Archivo Central (opcional/intermedio),Ejecutar eliminacion documental conforme PCD/AGN.,Agotado el valor primario y vencidos plazos reglados en AG/AP/OAA.,f7e5ac8beaf4c5d6e7a4ab4d3f40e2be367e1e7079d49785984509740dbaf848
anexo2_layout.txt,141,2. Nombre de la entidad:,SEGURO SOCIAL DE SALUD (EsSalud),SEGURO SOCIAL DE SALUD (EsSalud),SADQ,SADQ/06,EXPEDIENTES DE ADJUDICACIONES DE MENORES CUANTIAS,EXPEDIENTES DE ADJUDICACIONES DE MENORES CUANTIAS,TEMPORAL,2,4,9,15,ELIMINACION,Archivo Central (opcional/intermedio),Ejecutar eliminacion documental conforme PCD/AGN.,Agotado el valor primario y vencidos plazos reglados en AG/AP/OAA.,fdfc7fb1f5184060941f654587a1c9d065539ab6bfa40d468f74bd90b034e5d6
anexo2_layout.txt,141,2. Nombre de la entidad:,SEGURO SOCIAL DE SALUD (EsSalud),SEGURO SOCIAL DE SALUD (EsSalud),SADQ,SADQ/07,EXPEDIENTES DE PROCEDIMIENTOS ESPECIALES,EXPEDIENTES DE PROCEDIMIENTOS ESPECIALES,TEMPORAL,2,4,9,15,ELIMINACION,Archivo Central (opcional/intermedio),Ejecutar eliminacion documental conforme PCD/AGN.,Agotado el valor primario y vencidos plazos reglados en AG/AP/OAA.,101a840a58a8764a0c44810e85eb37f9c40427e2f9eb49355f2baffd39818145
anexo2_layout.txt,141,2. Nombre de la entidad:,SEGURO SOCIAL DE SALUD (EsSalud),SEGURO SOCIAL DE SALUD (EsSalud),SADQ,SADQ/08,EXPEDIENTES DE ORDENES DE COMPRA,EXPEDIENTES DE ORDENES DE COMPRA,TEMPORAL,2,4,9,15,ELIMINACION,Archivo Central (opcional/intermedio),Ejecutar eliminacion documental conforme PCD/AGN.,Agotado el valor primario y vencidos plazos reglados en AG/AP/OAA.,08b392dd939929b41c562dad37a9e1d1f5bbd6ef0005c359d079d7b3d30c8e61
anexo2_layout.txt,141,2. Nombre de la entidad:,SEGURO SOCIAL DE SALUD (EsSalud),SEGURO SOCIAL DE SALUD (EsSalud),SADQ,SADQ/09,COMPRAS DIRECTAS,COMPRAS DIRECTAS,TEMPORAL,2,3,5,10,ELIMINACION,Archivo Central (opcional/intermedio),Ejecutar eliminacion documental conforme PCD/AGN.,Agotado el valor primario y vencidos plazos reglados en AG/AP/OAA.,1a405f1a76f03332c0c4bcf4d0292386d30d512d007e25e30d37c520d59c0f2c
anexo2_layout.txt,141,2. Nombre de la entidad:,SEGURO SOCIAL DE SALUD (EsSalud),SEGURO SOCIAL DE SALUD (EsSalud),SADQ,SADQ/10,CORRESPONDENCIA,CORRESPONDENCIA,TEMPORAL,2,2,4,8,ELIMINACION,Archivo de Gestion/Periferico,Ejecutar eliminacion documental conforme PCD/AGN.,Agotado el valor primario y vencidos plazos reglados en AG/AP/OAA.,f9d02d649066c8b2815084611f05b51bb590409dffce0a485ec1a1252cdf0d70
anexo2_layout.txt,142,2. Nombre de la entidad:,SEGURO SOCIAL DE SALUD (EsSalud),SEGURO SOCIAL DE SALUD (EsSalud),PASE,PASE/01,CORRESPONDENCIA,CORRESPONDENCIA,TEMPORAL,2,2,4,8,ELIMINACION,Archivo de Gestion/Periferico,Ejecutar eliminacion documental conforme PCD/AGN.,Agotado el valor primario y vencidos plazos reglados en AG/AP/OAA.,1b43840e4246beecddcb712347aa0ccb865fb75ae49f7165ce9a11a3a96cfdff
anexo2_layout.txt,143,2. Nombre de la entidad:,SEGURO SOCIAL DE SALUD (EsSalud),SEGURO SOCIAL DE SALUD (EsSalud),SEGT,SEGT/01,CORRESPONDENCIA,CORRESPONDENCIA,TEMPORAL,2,2,4,8,ELIMINACION,Archivo de Gestion/Periferico,Ejecutar eliminacion documental conforme PCD/AGN.,Agotado el valor primario y vencidos plazos reglados en AG/AP/OAA.,ca06bfe487f8363e3f9688142e44f48b79b3672aac672b57e993f7a156b9ef84
anexo2_layout.txt,144,2. Nombre de la entidad:,SEGURO SOCIAL DE SALUD (EsSalud),SEGURO SOCIAL DE SALUD (EsSalud),SEIN,SEIN/01,CORRESPONDENCIA,CORRESPONDENCIA,TEMPORAL,2,2,4,8,ELIMINACION,Archivo de Gestion/Periferico,Ejecutar eliminacion documental conforme PCD/AGN.,Agotado el valor primario y vencidos plazos reglados en AG/AP/OAA.,b0997266b57c7fc6d4972eb8736faccdb8b8fd24b68df81f231a547fb37cfe93
anexo2_layout.txt,144,2. Nombre de la entidad:,SEGURO SOCIAL DE SALUD (EsSalud),SEGURO SOCIAL DE SALUD (EsSalud),SEIN,SEIN/02,REGISTRO DE PARTES DIARIO,REGISTRO DE PARTES DIARIO,TEMPORAL,2,2,2,6,ELIMINACION,Archivo de Gestion/Periferico,Ejecutar eliminacion documental conforme PCD/AGN.,Agotado el valor primario y vencidos plazos reglados en AG/AP/OAA.,6da33fc9388869a84a904317f73c7fd4cc98e02a3453151ff38e7f44a811a12d
anexo2_layout.txt,145,2. Nombre de la entidad:,SEGURO SOCIAL DE SALUD (EsSalud),SEGURO SOCIAL DE SALUD (EsSalud),SEGU,SEGU/01,REGISTRO DE OCURRENCIAS,REGISTRO DE OCURRENCIAS,TEMPORAL,2,2,6,10,ELIMINACION,Archivo Central (opcional/intermedio),Ejecutar eliminacion documental conforme PCD/AGN.,Agotado el valor primario y vencidos plazos reglados en AG/AP/OAA.,11b20cf51aaf990e8e7a6cc5364ce2b3a09e765c66990e8f6da1233423152b2d
anexo2_layout.txt,145,2. Nombre de la entidad:,SEGURO SOCIAL DE SALUD (EsSalud),SEGURO SOCIAL DE SALUD (EsSalud),SEGU,SEGU/02,CORRESPONDENCIA,CORRESPONDENCIA,TEMPORAL,2,2,4,8,ELIMINACION,Archivo de Gestion/Periferico,Ejecutar eliminacion documental conforme PCD/AGN.,Agotado el valor primario y vencidos plazos reglados en AG/AP/OAA.,213ffa3f6719f7e05cba880d77ccad15cf704a5aeb7252b13fb37dcedf2fd732
anexo2_layout.txt,145,2. Nombre de la entidad:,SEGURO SOCIAL DE SALUD (EsSalud),SEGURO SOCIAL DE SALUD (EsSalud),SEGU,SEGU/03,REGISTRO DE PARTES DIARIO,REGISTRO DE PARTES DIARIO,TEMPORAL,2,2,2,6,ELIMINACION,Archivo de Gestion/Periferico,Ejecutar eliminacion documental conforme PCD/AGN.,Agotado el valor primario y vencidos plazos reglados en AG/AP/OAA.,3ad4e5d4a47cd193d3d68d29845cf4f95ecd7e8e9b8ec2fff178cba3af4f29b5
anexo2_layout.txt,146,2. Nombre de la entidad:,SEGURO SOCIAL DE SALUD (EsSalud),SEGURO SOCIAL DE SALUD (EsSalud),SETR,SETR/01,TICKETS DE COMBUSTIBLE,TICKETS DE COMBUSTIBLE,TEMPORAL,2,2,6,10,ELIMINACION,Archivo Central (opcional/intermedio),Ejecutar eliminacion documental conforme PCD/AGN.,Agotado el valor primario y vencidos plazos reglados en AG/AP/OAA.,aaf6d8fa67a493e5cfbd1b7f60939d7b1e4fd05d82c04d306f825e2ff6c5a058
anexo2_layout.txt,146,2. Nombre de la entidad:,SEGURO SOCIAL DE SALUD (EsSalud),SEGURO SOCIAL DE SALUD (EsSalud),SETR,SETR/02,CORRESPONDENCIA,CORRESPONDENCIA,TEMPORAL,2,2,4,8,ELIMINACION,Archivo de Gestion/Periferico,Ejecutar eliminacion documental conforme PCD/AGN.,Agotado el valor primario y vencidos plazos reglados en AG/AP/OAA.,83c7b2e16c78bb016da73d4c01d097e145330d01795e67406eeab57ca1277587
anexo2_layout.txt,146,2. Nombre de la entidad:,SEGURO SOCIAL DE SALUD (EsSalud),SEGURO SOCIAL DE SALUD (EsSalud),SETR,SETR/03,FORMULARIOS DE CONTROL VEHICULAR,FORMULARIOS DE CONTROL VEHICULAR,TEMPORAL,1,3,2,6,ELIMINACION,Archivo de Gestion/Periferico,Ejecutar eliminacion documental conforme PCD/AGN.,Agotado el valor primario y vencidos plazos reglados en AG/AP/OAA.,a9d31ea4aa84388ef87a22a2e68106edabf8b034e8834a99273ebd6b51bc6f7b
anexo2_layout.txt,147,2. Nombre de la entidad:,SEGURO SOCIAL DE SALUD (EsSalud),SEGURO SOCIAL DE SALUD (EsSalud),PATR,PATR/01,EXPEDIENTES DE BIENES INMUEBLES,EXPEDIENTES DE BIENES INMUEBLES,PERMANENTE,10,10,10,30,TRANSFERENCIA,Archivo Central,Conservar en Archivo Central de forma indefinida.,Conservacion permanente segun PCD,e6a5deef7fc8c5772ee98f8cac1cb6ad562737bc32b24077f0e8d42c1564b5fc
anexo2_layout.txt,147,2. Nombre de la entidad:,SEGURO SOCIAL DE SALUD (EsSalud),SEGURO SOCIAL DE SALUD (EsSalud),PATR,PATR/02,EXPEDIENTES DE ALTAS DE BIENES PATRIMONIALES,EXPEDIENTES DE ALTAS DE BIENES PATRIMONIALES,TEMPORAL,2,3,5,10,ELIMINACION,Archivo Central (opcional/intermedio),Ejecutar eliminacion documental conforme PCD/AGN.,Agotado el valor primario y vencidos plazos reglados en AG/AP/OAA.,b71ec0d2b6f1c226a317b55818b10d6f1ddedfbec3f74abe42784e2e8b3a4a4f
anexo2_layout.txt,147,2. Nombre de la entidad:,SEGURO SOCIAL DE SALUD (EsSalud),SEGURO SOCIAL DE SALUD (EsSalud),PATR,PATR/03,EXPEDIENTES DE BAJAS DE BIENES PATRIMONIALES,EXPEDIENTES DE BAJAS DE BIENES PATRIMONIALES,TEMPORAL,2,3,5,10,ELIMINACION,Archivo Central (opcional/intermedio),Ejecutar eliminacion documental conforme PCD/AGN.,Agotado el valor primario y vencidos plazos reglados en AG/AP/OAA.,d6cf4dfea4ee4424386f46f4f800dbab1e18b5da8a18ec3f303430b09bea1840
anexo2_layout.txt,147,2. Nombre de la entidad:,SEGURO SOCIAL DE SALUD (EsSalud),SEGURO SOCIAL DE SALUD (EsSalud),PATR,PATR/04,EXPEDIENTES DE SEGUROS PATRIMONIALES,EXPEDIENTES DE SEGUROS PATRIMONIALES,TEMPORAL,2,3,5,10,ELIMINACION,Archivo Central (opcional/intermedio),Ejecutar eliminacion documental conforme PCD/AGN.,Agotado el valor primario y vencidos plazos reglados en AG/AP/OAA.,4ea14a502b4fd43449de11b20c4f1dcd095536617837595afaf80d0b913ce000
anexo2_layout.txt,147,2. Nombre de la entidad:,SEGURO SOCIAL DE SALUD (EsSalud),SEGURO SOCIAL DE SALUD (EsSalud),PATR,PATR/05,ACTAS DE CONCILIACION DE BIENES,ACTAS DE CONCILIACION DE BIENES,TEMPORAL,2,3,5,10,ELIMINACION,Archivo Central (opcional/intermedio),Ejecutar eliminacion documental conforme PCD/AGN.,Agotado el valor primario y vencidos plazos reglados en AG/AP/OAA.,e4663129cf2fded41e652de6955f65af0f69a545f0f6140dddcbd4c4789669a9
anexo2_layout.txt,147,2. Nombre de la entidad:,SEGURO SOCIAL DE SALUD (EsSalud),SEGURO SOCIAL DE SALUD (EsSalud),PATR,PATR/06,ACTAS DE DEVOLUCION DE BIENES,ACTAS DE DEVOLUCION DE BIENES,TEMPORAL,2,3,5,10,ELIMINACION,Archivo Central (opcional/intermedio),Ejecutar eliminacion documental conforme PCD/AGN.,Agotado el valor primario y vencidos plazos reglados en AG/AP/OAA.,3d4c6eeab7d15888b7a3a3f42f8a0d976ea8b1998727ce666d18b455a48514f3
anexo2_layout.txt,147,2. Nombre de la entidad:,SEGURO SOCIAL DE SALUD (EsSalud),SEGURO SOCIAL DE SALUD (EsSalud),PATR,PATR/07,PAPELETAS DE DESPLAZAMIENTO DE BIENES,PAPELETAS DE DESPLAZAMIENTO DE BIENES,TEMPORAL,2,3,3,8,ELIMINACION,Archivo de Gestion/Periferico,Ejecutar eliminacion documental conforme PCD/AGN.,Agotado el valor primario y vencidos plazos reglados en AG/AP/OAA.,ba32d4d85c66da24356eb86347a7dff55ddd7d8561d13dd1624a8cef8a95179f
anexo2_layout.txt,147,2. Nombre de la entidad:,SEGURO SOCIAL DE SALUD (EsSalud),SEGURO SOCIAL DE SALUD (EsSalud),PATR,PATR/08,PAPELETAS DE ORDEN DE SALIDA DE BIENES,PAPELETAS DE ORDEN DE SALIDA DE BIENES,TEMPORAL,2,3,3,8,ELIMINACION,Archivo de Gestion/Periferico,Ejecutar eliminacion documental conforme PCD/AGN.,Agotado el valor primario y vencidos plazos reglados en AG/AP/OAA.,ef20b816098ef4a25dca398b279d2bbb75f1f6ba9c160e3171da0179c187560d
anexo2_layout.txt,147,2. Nombre de la entidad:,SEGURO SOCIAL DE SALUD (EsSalud),SEGURO SOCIAL DE SALUD (EsSalud),PATR,PATR/09,CORRESPONDENCIA,CORRESPONDENCIA,TEMPORAL,2,2,2,6,ELIMINACION,Archivo de Gestion/Periferico,Ejecutar eliminacion documental conforme PCD/AGN.,Agotado el valor primario y vencidos plazos reglados en AG/AP/OAA.,823cb5021e33173e9fcc6d43b5bb89e786fafece015e534ac71d94f7c9facace
anexo2_layout.txt,148,2. Nombre de la entidad:,SEGURO SOCIAL DE SALUD (EsSalud),SEGURO SOCIAL DE SALUD (EsSalud),INFR,INFR/01,RESOLUCIONES,RESOLUCIONES,PERMANENTE,2,3,25,30,TRANSFERENCIA,Archivo Central,Conservar en Archivo Central de forma indefinida.,Conservacion permanente segun PCD,a2498a984a78d1f8d180df30b77777f9da91756a082ee0ca5ada6371de34d5ac
anexo2_layout.txt,148,2. Nombre de la entidad:,SEGURO SOCIAL DE SALUD (EsSalud),SEGURO SOCIAL DE SALUD (EsSalud),INFR,INFR/02,CORRESPONDENCIA,CORRESPONDENCIA,TEMPORAL,2,3,5,10,ELIMINACION,Archivo Central (opcional/intermedio),Ejecutar eliminacion documental conforme PCD/AGN.,Agotado el valor primario y vencidos plazos reglados en AG/AP/OAA.,c6e3e23222be56ca75936d4ebc15d17922be97ce32657be843c8911d3be9117a
anexo2_layout.txt,149,2. Nombre de la entidad:,SEGURO SOCIAL DE SALUD (EsSalud),SEGURO SOCIAL DE SALUD (EsSalud),ACOA,ACOA/01,EXPEDIENTES TECNICOS DE COOPERACION,EXPEDIENTES TECNICOS DE COOPERACION,TEMPORAL,2,3,5,10,ELIMINACION,Archivo Central (opcional/intermedio),Ejecutar eliminacion documental conforme PCD/AGN.,Agotado el valor primario y vencidos plazos reglados en AG/AP/OAA.,a98448cc78470e47ad06edb955c435d6c98a42aba7c119308834d451c92551f1
anexo2_layout.txt,149,2. Nombre de la entidad:,SEGURO SOCIAL DE SALUD (EsSalud),SEGURO SOCIAL DE SALUD (EsSalud),ACOA,ACOA/02,CORRESPONDENCIA,CORRESPONDENCIA,TEMPORAL,2,3,5,10,ELIMINACION,Archivo Central (opcional/intermedio),Ejecutar eliminacion documental conforme PCD/AGN.,Agotado el valor primario y vencidos plazos reglados en AG/AP/OAA.,b2afa18c4b2eb62b4e969810824aae9453c711c854e1b00c0e4be264ec9a51b0
anexo2_layout.txt,150,2. Nombre de la entidad:,SEGURO SOCIAL DE SALUD (EsSalud),SEGURO SOCIAL DE SALUD (EsSalud),INCL,INCL/01,CORRESPONDENCIA,CORRESPONDENCIA,TEMPORAL,2,3,5,10,ELIMINACION,Archivo Central (opcional/intermedio),Ejecutar eliminacion documental conforme PCD/AGN.,Agotado el valor primario y vencidos plazos reglados en AG/AP/OAA.,88011efb0ac245e69c30068e74f9e5b51fae25a961cd35d131c021c34634dae4
anexo2_layout.txt,151,2. Nombre de la entidad:,SEGURO SOCIAL DE SALUD (EsSalud),SEGURO SOCIAL DE SALUD (EsSalud),PREI,PREI/01,CORRESPONDENCIA,CORRESPONDENCIA,TEMPORAL,2,3,5,10,ELIMINACION,Archivo Central (opcional/intermedio),Ejecutar eliminacion documental conforme PCD/AGN.,Agotado el valor primario y vencidos plazos reglados en AG/AP/OAA.,a4f80c16b54fe47cf3181257531a0e93411e9fee55f530a76a50f5527fef1d46
anexo2_layout.txt,151,2. Nombre de la entidad:,SEGURO SOCIAL DE SALUD (EsSalud),SEGURO SOCIAL DE SALUD (EsSalud),PREI,PREI/02,EXPEDIENTES DE PROYECTOS DE PREINVERSION,EXPEDIENTES DE PROYECTOS DE PREINVERSION,TEMPORAL,2,3,1,6,ELIMINACION,Archivo de Gestion/Periferico,Ejecutar eliminacion documental conforme PCD/AGN.,Agotado el valor primario y vencidos plazos reglados en AG/AP/OAA.,18e55f55e58adb2fc1b361aee93edfa72b1b5cbde030b693a16ade9f3f7da923
anexo2_layout.txt,152,2. Nombre de la entidad:,SEGURO SOCIAL DE SALUD (EsSalud),SEGURO SOCIAL DE SALUD (EsSalud),ESDE,ESDE/01,EXPEDIENTES TECNICOS,EXPEDIENTES TECNICOS,PERMANENTE,1,4,25,30,TRANSFERENCIA,Archivo Central,Conservar en Archivo Central de forma indefinida.,Conservacion permanente segun PCD,26baaceae14e0d7fdae115c60259285449af8bf6ad3f51600009355060c4f79a
anexo2_layout.txt,152,2. Nombre de la entidad:,SEGURO SOCIAL DE SALUD (EsSalud),SEGURO SOCIAL DE SALUD (EsSalud),ESDE,ESDE/02,DICTAMENES TECNICOS,DICTAMENES TECNICOS,PERMANENTE,5,10,15,30,TRANSFERENCIA,Archivo Central,Conservar en Archivo Central de forma indefinida.,Conservacion permanente segun PCD,a955549a74f7bb99796dbb6b82124f2e0e57059877eae785910a459ebe800dff
anexo2_layout.txt,152,2. Nombre de la entidad:,SEGURO SOCIAL DE SALUD (EsSalud),SEGURO SOCIAL DE SALUD (EsSalud),ESDE,ESDE/03,CORRESPONDENCIA,CORRESPONDENCIA,TEMPORAL,3,3,4,10,ELIMINACION,Archivo Central (opcional/intermedio),Ejecutar eliminacion documental conforme PCD/AGN.,Agotado el valor primario y vencidos plazos reglados en AG/AP/OAA.,7d44b1627bbd956e4a2c3bed31b9a81cbede98044211610929d1e5e627e07bac
anexo2_layout.txt,153,2. Nombre de la entidad:,SEGURO SOCIAL DE SALUD (EsSalud),SEGURO SOCIAL DE SALUD (EsSalud),OBRA,OBRA/01,EXPEDIENTES DE EJECUCION DE OBRAS,EXPEDIENTES DE EJECUCION DE OBRAS,PERMANENTE,3,12,15,30,TRANSFERENCIA,Archivo Central,Conservar en Archivo Central de forma indefinida.,Conservacion permanente segun PCD,a976edbca2a6cea8a9e1b1160864f7868735a0b8f56f91342bdd4d39b0168835
anexo2_layout.txt,153,2. Nombre de la entidad:,SEGURO SOCIAL DE SALUD (EsSalud),SEGURO SOCIAL DE SALUD (EsSalud),OBRA,OBRA/02,CORRESPONDENCIA,CORRESPONDENCIA,TEMPORAL,2,3,5,10,ELIMINACION,Archivo Central (opcional/intermedio),Ejecutar eliminacion documental conforme PCD/AGN.,Agotado el valor primario y vencidos plazos reglados en AG/AP/OAA.,c3c9fdbd913c650b54dd67e6041a4bd9ad1a502743b9ef6fff6ecb4eb237c062
anexo2_layout.txt,154,2. Nombre de la entidad:,SEGURO SOCIAL DE SALUD (EsSalud),SEGURO SOCIAL DE SALUD (EsSalud),MANT,MANT/01,EXPEDIENTES DE MANTENIMIENTO,EXPEDIENTES DE MANTENIMIENTO,TEMPORAL,2,3,10,15,ELIMINACION,Archivo Central (opcional/intermedio),Ejecutar eliminacion documental conforme PCD/AGN.,Agotado el valor primario y vencidos plazos reglados en AG/AP/OAA.,63b5f85929f4d507697472135a7a0eaf39263ef07c7dc82f3b2b74ffd5ccfb7d
anexo2_layout.txt,154,2. Nombre de la entidad:,SEGURO SOCIAL DE SALUD (EsSalud),SEGURO SOCIAL DE SALUD (EsSalud),MANT,MANT/02,CORRESPONDENCIA,CORRESPONDENCIA,TEMPORAL,2,3,5,10,ELIMINACION,Archivo Central (opcional/intermedio),Ejecutar eliminacion documental conforme PCD/AGN.,Agotado el valor primario y vencidos plazos reglados en AG/AP/OAA.,0146454d8a624910d44460be6ec4db4852aeb1177055e1589e26ad3ba32c55b6
anexo2_layout.txt,154,2. Nombre de la entidad:,SEGURO SOCIAL DE SALUD (EsSalud),SEGURO SOCIAL DE SALUD (EsSalud),MANT,MANT/03,PLANES ANUALES DE MANTENIMIENTO,PLANES ANUALES DE MANTENIMIENTO,TEMPORAL,2,3,1,6,ELIMINACION,Archivo de Gestion/Periferico,Ejecutar eliminacion documental conforme PCD/AGN.,Agotado el valor primario y vencidos plazos reglados en AG/AP/OAA.,714229b36bd67c71c320192dae2c3198238758779546b2a5a15450b8cec11bdd
anexo2_layout.txt,155,2. Nombre de la entidad:,SEGURO SOCIAL DE SALUD (EsSalud),SEGURO SOCIAL DE SALUD (EsSalud),LROP,LROP/01,EXPEDIENTES DE RECEPCIONES Y LIQUIDACIONES,EXPEDIENTES DE RECEPCIONES Y LIQUIDACIONES,PERMANENTE,2,8,20,30,TRANSFERENCIA,Archivo Central,Conservar en Archivo Central de forma indefinida.,Conservacion permanente segun PCD,1e7638c4ad93edc9fb89b0d9caa72ae81faf1bdb470719b2f0f0daee08739ba5
anexo2_layout.txt,155,2. Nombre de la entidad:,SEGURO SOCIAL DE SALUD (EsSalud),SEGURO SOCIAL DE SALUD (EsSalud),LROP,LROP/02,CORRESPONDENCIA,CORRESPONDENCIA,TEMPORAL,2,3,5,10,ELIMINACION,Archivo Central (opcional/intermedio),Ejecutar eliminacion documental conforme PCD/AGN.,Agotado el valor primario y vencidos plazos reglados en AG/AP/OAA.,566ed4089a7ea1aef9ad4d3528ba3a486ef648ab85d564bb1f5382c13520c36d
anexo2_layout.txt,156,2. Nombre de la entidad:,SEGURO SOCIAL DE SALUD (EsSalud),SEGURO SOCIAL DE SALUD (EsSalud),PRSA,PRSA/01,RESOLUCIONES,RESOLUCIONES,PERMANENTE,2,0,28,30,TRANSFERENCIA,Archivo Central,Conservar en Archivo Central de forma indefinida.,Conservacion permanente segun PCD,a1e0edd6fde60a06505a24c0204fce3ee2d402ddd0d77b44fe27ee4d4aa54dbe
anexo2_layout.txt,156,2. Nombre de la entidad:,SEGURO SOCIAL DE SALUD (EsSalud),SEGURO SOCIAL DE SALUD (EsSalud),PRSA,PRSA/02,CORRESPONDENCIA,CORRESPONDENCIA,TEMPORAL,2,0,13,15,ELIMINACION,Archivo Central (opcional/intermedio),Ejecutar eliminacion documental conforme PCD/AGN.,Agotado el valor primario y vencidos plazos reglados en AG/AP/OAA.,afa8794c6c25557a89fee4154328b70e5087a448e5c68e554541854ba9431b0b
anexo2_layout.txt,157,2. Nombre de la entidad:,SEGURO SOCIAL DE SALUD (EsSalud),SEGURO SOCIAL DE SALUD (EsSalud),APCO,APCO/01,CORRESPONDENCIA,CORRESPONDENCIA,TEMPORAL,2,0,6,8,ELIMINACION,Archivo de Gestion/Periferico,Ejecutar eliminacion documental conforme PCD/AGN.,Agotado el valor primario y vencidos plazos reglados en AG/AP/OAA.,7e81b2b76206a56aefbc16496a89130adef370d602a4ff42b3d28a19f4698996
anexo2_layout.txt,158,2. Nombre de la entidad:,SEGURO SOCIAL DE SALUD (EsSalud),SEGURO SOCIAL DE SALUD (EsSalud),PLIS,PLIS/01,CORRESPONDENCIA,CORRESPONDENCIA,TEMPORAL,2,0,6,8,ELIMINACION,Archivo de Gestion/Periferico,Ejecutar eliminacion documental conforme PCD/AGN.,Agotado el valor primario y vencidos plazos reglados en AG/AP/OAA.,a797a5facf2b2dcd111785408caafacecb95c241ed623a70e3effa7be841e1ed
anexo2_layout.txt,159,2. Nombre de la entidad:,SEGURO SOCIAL DE SALUD (EsSalud),SEGURO SOCIAL DE SALUD (EsSalud),PLAN,PLAN/01,CORRESPONDENCIA,CORRESPONDENCIA,TEMPORAL,2,0,6,8,ELIMINACION,Archivo de Gestion/Periferico,Ejecutar eliminacion documental conforme PCD/AGN.,Agotado el valor primario y vencidos plazos reglados en AG/AP/OAA.,a55b6dbf621e8cb61536d68db1cc3d41319c6a7b5e95b77a3e627577a0b05f24
anexo2_layout.txt,160,2. Nombre de la entidad:,SEGURO SOCIAL DE SALUD (EsSalud),SEGURO SOCIAL DE SALUD (EsSalud),SOIS,SOIS/01,CORRESPONDENCIA,CORRESPONDENCIA,TEMPORAL,2,0,6,8,ELIMINACION,Archivo de Gestion/Periferico,Ejecutar eliminacion documental conforme PCD/AGN.,Agotado el valor primario y vencidos plazos reglados en AG/AP/OAA.,f0da406c9f2d2c3da0e9580b82cd2b346168c4a55d31b348ce5d8e2241e8612d
anexo2_layout.txt,161,2. Nombre de la entidad:,SEGURO SOCIAL DE SALUD (EsSalud),SEGURO SOCIAL DE SALUD (EsSalud),AGIN,AGIN/01,CORRESPONDENCIA,CORRESPONDENCIA,TEMPORAL,2,0,6,8,ELIMINACION,Archivo de Gestion/Periferico,Ejecutar eliminacion documental conforme PCD/AGN.,Agotado el valor primario y vencidos plazos reglados en AG/AP/OAA.,7e931e6b405f97abe3d525665c1242f4b67f91d72dc2694166fb271c91cbd1f5
anexo2_layout.txt,162,2. Nombre de la entidad:,SEGURO SOCIAL DE SALUD (EsSalud),SEGURO SOCIAL DE SALUD (EsSalud),APOP,APOP/01,CORRESPONDENCIA,CORRESPONDENCIA,TEMPORAL,2,0,6,8,ELIMINACION,Archivo de Gestion/Periferico,Ejecutar eliminacion documental conforme PCD/AGN.,Agotado el valor primario y vencidos plazos reglados en AG/AP/OAA.,060d4d1ca3bfdf8bcbd812812175aea8090d92827723f4052a1382da179da2fc
anexo2_layout.txt,163,2. Nombre de la entidad:,SEGURO SOCIAL DE SALUD (EsSalud),SEGURO SOCIAL DE SALUD (EsSalud),GEIN,GEIN/01,CORRESPONDENCIA,CORRESPONDENCIA,TEMPORAL,2,0,6,8,ELIMINACION,Archivo de Gestion/Periferico,Ejecutar eliminacion documental conforme PCD/AGN.,Agotado el valor primario y vencidos plazos reglados en AG/AP/OAA.,9a79e0e51f68d23f83cc4a104b332df3a06cebf15aa837b045411a7873b05062
anexo2_layout.txt,164,2. Nombre de la entidad:,SEGURO SOCIAL DE SALUD (EsSalud),SEGURO SOCIAL DE SALUD (EsSalud),GPMP,GPMP/01,CORRESPONDENCIA,CORRESPONDENCIA,TEMPORAL,2,0,6,8,ELIMINACION,Archivo de Gestion/Periferico,Ejecutar eliminacion documental conforme PCD/AGN.,Agotado el valor primario y vencidos plazos reglados en AG/AP/OAA.,fe2a5f0ed9834691e06338382cd81d6327de7ce9758eb611d76f6360351e7eb3
anexo2_layout.txt,165,2. Nombre de la entidad:,SEGURO SOCIAL DE SALUD (EsSalud),SEGURO SOCIAL DE SALUD (EsSalud),OFAD,OFAD/01,CORRESPONDENCIA,CORRESPONDENCIA,TEMPORAL,2,0,6,8,ELIMINACION,Archivo de Gestion/Periferico,Ejecutar eliminacion documental conforme PCD/AGN.,Agotado el valor primario y vencidos plazos reglados en AG/AP/OAA.,00b699d6eb576f37dcf4bfb586329eabbd1542a676c6cd95dfd7877a8daf733d
anexo2_layout.txt,166,2. Nombre de la entidad:,SEGURO SOCIAL DE SALUD (EsSalud),SEGURO SOCIAL DE SALUD (EsSalud),REME,REME/01,CORRESPONDENCIA,CORRESPONDENCIA,TEMPORAL,2,0,6,8,ELIMINACION,Archivo de Gestion/Periferico,Ejecutar eliminacion documental conforme PCD/AGN.,Agotado el valor primario y vencidos plazos reglados en AG/AP/OAA.,2fda978d0476513daa4d6aec785fa29509b302b37bad88339814348e4598930c
anexo2_layout.txt,167,2. Nombre de la entidad:,SEGURO SOCIAL DE SALUD (EsSalud),SEGURO SOCIAL DE SALUD (EsSalud),MEDI,MEDI/01,ACTAS DEL COMITE DE FARMACOVIGILANCIA,ACTAS DEL COMITE DE FARMACOVIGILANCIA,TEMPORAL,2,0,13,15,ELIMINACION,Archivo Central (opcional/intermedio),Ejecutar eliminacion documental conforme PCD/AGN.,Agotado el valor primario y vencidos plazos reglados en AG/AP/OAA.,af7b331ac0e2f34add573672bb4dbd51851a4538459262cdc69787eb28f16d6e
anexo2_layout.txt,167,2. Nombre de la entidad:,SEGURO SOCIAL DE SALUD (EsSalud),SEGURO SOCIAL DE SALUD (EsSalud),MEDI,MEDI/02,ACTAS DEL COMITE FARMACOLOGICO CENTRAL,ACTAS DEL COMITE FARMACOLOGICO CENTRAL,TEMPORAL,2,0,13,15,ELIMINACION,Archivo Central (opcional/intermedio),Ejecutar eliminacion documental conforme PCD/AGN.,Agotado el valor primario y vencidos plazos reglados en AG/AP/OAA.,65c09d69a9d67e02cde701578e119546360c2ed9828a7e269310aca7c6957a0d
anexo2_layout.txt,167,2. Nombre de la entidad:,SEGURO SOCIAL DE SALUD (EsSalud),SEGURO SOCIAL DE SALUD (EsSalud),MEDI,MEDI/03,DICTAMENES FARMACOLOGICOS,DICTAMENES FARMACOLOGICOS,TEMPORAL,2,0,13,15,ELIMINACION,Archivo Central (opcional/intermedio),Ejecutar eliminacion documental conforme PCD/AGN.,Agotado el valor primario y vencidos plazos reglados en AG/AP/OAA.,c428e5e424ee33d9eacb4d5887002b8affb927403156b8a02eb289cb3fb37f1a
anexo2_layout.txt,167,2. Nombre de la entidad:,SEGURO SOCIAL DE SALUD (EsSalud),SEGURO SOCIAL DE SALUD (EsSalud),MEDI,MEDI/04,EXPEDIENTES DE ESTIMACION DE NECESIDADES,EXPEDIENTES DE ESTIMACION DE NECESIDADES,TEMPORAL,2,0,13,15,ELIMINACION,Archivo Central (opcional/intermedio),Ejecutar eliminacion documental conforme PCD/AGN.,Agotado el valor primario y vencidos plazos reglados en AG/AP/OAA.,e88e49f80547d4e73c2b38e1fcba2307e5f53de1fe60ef9340ac4abd847ce3fa
anexo2_layout.txt,167,2. Nombre de la entidad:,SEGURO SOCIAL DE SALUD (EsSalud),SEGURO SOCIAL DE SALUD (EsSalud),MEDI,MEDI/05,INFORMES TECNICOS,INFORMES TECNICOS,TEMPORAL,2,0,8,10,ELIMINACION,Archivo Central (opcional/intermedio),Ejecutar eliminacion documental conforme PCD/AGN.,Agotado el valor primario y vencidos plazos reglados en AG/AP/OAA.,f79bb4a9b977d2f8abd4125785d0db453ad4ecf5828b8ebd81cd28f1ffca0cff
anexo2_layout.txt,167,2. Nombre de la entidad:,SEGURO SOCIAL DE SALUD (EsSalud),SEGURO SOCIAL DE SALUD (EsSalud),MEDI,MEDI/06,CORRESPONDENCIA,CORRESPONDENCIA,TEMPORAL,2,0,8,10,ELIMINACION,Archivo Central (opcional/intermedio),Ejecutar eliminacion documental conforme PCD/AGN.,Agotado el valor primario y vencidos plazos reglados en AG/AP/OAA.,f71c0b7f445a3edb928be0d47d7bcd65773414f21cab63ed88b9499c23a4b8ae
anexo2_layout.txt,168,2. Nombre de la entidad:,SEGURO SOCIAL DE SALUD (EsSalud),SEGURO SOCIAL DE SALUD (EsSalud),EQME,EQME/01,ACTAS DE COMITE DE ROPA HOSPITALARIA,ACTAS DE COMITE DE ROPA HOSPITALARIA,TEMPORAL,2,0,13,15,ELIMINACION,Archivo Central (opcional/intermedio),Ejecutar eliminacion documental conforme PCD/AGN.,Agotado el valor primario y vencidos plazos reglados en AG/AP/OAA.,0112d2847070c082f169b4893cc87eab3943d0b457aa9842b0fb0dc4d25a0643
anexo2_layout.txt,168,2. Nombre de la entidad:,SEGURO SOCIAL DE SALUD (EsSalud),SEGURO SOCIAL DE SALUD (EsSalud),EQME,EQME/02,ACTAS DE COMITE DE EQUIPOS RADIOLOGICOS,ACTAS DE COMITE DE EQUIPOS RADIOLOGICOS,TEMPORAL,2,0,13,15,ELIMINACION,Archivo Central (opcional/intermedio),Ejecutar eliminacion documental conforme PCD/AGN.,Agotado el valor primario y vencidos plazos reglados en AG/AP/OAA.,f412520d80cfc5f787bfb6ed2a66b6515de787b92b8be1be24c52f0f24472840
anexo2_layout.txt,168,2. Nombre de la entidad:,SEGURO SOCIAL DE SALUD (EsSalud),SEGURO SOCIAL DE SALUD (EsSalud),EQME,EQME/03,ACTAS DE COMITE DE EQUIPOS ODONTOLOGICOS,ACTAS DE COMITE DE EQUIPOS ODONTOLOGICOS,TEMPORAL,2,0,13,15,ELIMINACION,Archivo Central (opcional/intermedio),Ejecutar eliminacion documental conforme PCD/AGN.,Agotado el valor primario y vencidos plazos reglados en AG/AP/OAA.,4343141f7146ffa7708fd92b2daa55a637a8a682013c95e807fd28f592025152
anexo2_layout.txt,168,2. Nombre de la entidad:,SEGURO SOCIAL DE SALUD (EsSalud),SEGURO SOCIAL DE SALUD (EsSalud),EQME,EQME/04,ACTAS DE COMITE DE INSTRUMENTAL QUIRURGICO,ACTAS DE COMITE DE INSTRUMENTAL QUIRURGICO,TEMPORAL,2,0,13,15,ELIMINACION,Archivo Central (opcional/intermedio),Ejecutar eliminacion documental conforme PCD/AGN.,Agotado el valor primario y vencidos plazos reglados en AG/AP/OAA.,6baf54308f2db42676883d8432a71ab68a2346d750fe3e0faa0be7feb89d611a
anexo2_layout.txt,168,2. Nombre de la entidad:,SEGURO SOCIAL DE SALUD (EsSalud),SEGURO SOCIAL DE SALUD (EsSalud),EQME,EQME/05,ACTAS DE COMITE DE VIDEO ENDOSCOPIA,ACTAS DE COMITE DE VIDEO ENDOSCOPIA,TEMPORAL,2,0,13,15,ELIMINACION,Archivo Central (opcional/intermedio),Ejecutar eliminacion documental conforme PCD/AGN.,Agotado el valor primario y vencidos plazos reglados en AG/AP/OAA.,999749f73019b1b0e2b3c9e04819c53401a545a147caaa35c7e6dd234139d552
anexo2_layout.txt,168,2. Nombre de la entidad:,SEGURO SOCIAL DE SALUD (EsSalud),SEGURO SOCIAL DE SALUD (EsSalud),EQME,EQME/06,ACTAS DE COMITE DE EQUIPOS DE LABORATORIO,ACTAS DE COMITE DE EQUIPOS DE LABORATORIO,TEMPORAL,2,0,13,15,ELIMINACION,Archivo Central (opcional/intermedio),Ejecutar eliminacion documental conforme PCD/AGN.,Agotado el valor primario y vencidos plazos reglados en AG/AP/OAA.,8fffde7ba785472e6f68f268fc3897ed3f68d1fdeb15945536c7bc531735f7d9
anexo2_layout.txt,168,2. Nombre de la entidad:,SEGURO SOCIAL DE SALUD (EsSalud),SEGURO SOCIAL DE SALUD (EsSalud),EQME,EQME/07,ACTAS DE COMITE DE MATERIAL MEDICO,ACTAS DE COMITE DE MATERIAL MEDICO,TEMPORAL,2,0,13,15,ELIMINACION,Archivo Central (opcional/intermedio),Ejecutar eliminacion documental conforme PCD/AGN.,Agotado el valor primario y vencidos plazos reglados en AG/AP/OAA.,d1061d05ceb491c17404f0dba74e6803dd8759996401fe5fae6557a8c6195ad9
anexo2_layout.txt,168,2. Nombre de la entidad:,SEGURO SOCIAL DE SALUD (EsSalud),SEGURO SOCIAL DE SALUD (EsSalud),EQME,EQME/08,CORRESPONDENCIA,CORRESPONDENCIA,TEMPORAL,2,0,8,10,ELIMINACION,Archivo Central (opcional/intermedio),Ejecutar eliminacion documental conforme PCD/AGN.,Agotado el valor primario y vencidos plazos reglados en AG/AP/OAA.,db6e88be05e905a28d43571be17bed656ebe50c285b4db4f3bf50d8351297886
anexo2_layout.txt,169,2. Nombre de la entidad:,SEGURO SOCIAL DE SALUD (EsSalud),SEGURO SOCIAL DE SALUD (EsSalud),PRSA,PRSA/01,CORRESPONDENCIA,CORRESPONDENCIA,TEMPORAL,2,0,8,10,ELIMINACION,Archivo Central (opcional/intermedio),Ejecutar eliminacion documental conforme PCD/AGN.,Agotado el valor primario y vencidos plazos reglados en AG/AP/OAA.,fcc64b5a24687111d57b612963030c8858871d647c004afde00aa51d020597c7
anexo2_layout.txt,170,2. Nombre de la entidad:,SEGURO SOCIAL DE SALUD (EsSalud),SEGURO SOCIAL DE SALUD (EsSalud),MECO,MECO/01,CORRESPONDENCIA,CORRESPONDENCIA,TEMPORAL,2,0,8,10,ELIMINACION,Archivo Central (opcional/intermedio),Ejecutar eliminacion documental conforme PCD/AGN.,Agotado el valor primario y vencidos plazos reglados en AG/AP/OAA.,30ee16862430a20ae909293d9b2ad8396e977683dc4e9e497bfe5ff452ee5ef6
anexo2_layout.txt,170,2. Nombre de la entidad:,SEGURO SOCIAL DE SALUD (EsSalud),SEGURO SOCIAL DE SALUD (EsSalud),MECO,MECO/02,INFORMES OPERACIONALES,INFORMES OPERACIONALES,TEMPORAL,2,0,3,5,ELIMINACION,Archivo de Gestion/Periferico,Ejecutar eliminacion documental conforme PCD/AGN.,Agotado el valor primario y vencidos plazos reglados en AG/AP/OAA.,f3c78c2efa4244ae6bc88a2dcd0848182b50840076951b6f749b7e3b04066b34
anexo2_layout.txt,171,2. Nombre de la entidad:,SEGURO SOCIAL DE SALUD (EsSalud),SEGURO SOCIAL DE SALUD (EsSalud),CSAP,CSAP/01,CORRESPONDENCIA,CORRESPONDENCIA,TEMPORAL,2,0,8,10,ELIMINACION,Archivo Central (opcional/intermedio),Ejecutar eliminacion documental conforme PCD/AGN.,Agotado el valor primario y vencidos plazos reglados en AG/AP/OAA.,660742ac9cd10f482d32c6e8944d9b048bbc3612e95d67d815df78b3a2aa2f2a
anexo2_layout.txt,172,2. Nombre de la entidad:,SEGURO SOCIAL DE SALUD (EsSalud),SEGURO SOCIAL DE SALUD (EsSalud),PSAL,PSAL/02,CORRESPONDENCIA,CORRESPONDENCIA,TEMPORAL,2,0,8,10,ELIMINACION,Archivo Central (opcional/intermedio),Ejecutar eliminacion documental conforme PCD/AGN.,Agotado el valor primario y vencidos plazos reglados en AG/AP/OAA.,90e38e1942b32b1828b785c8f6ec0c56032fe9f2f5b182b09ae668a5d46e828f
anexo2_layout.txt,173,2. Nombre de la entidad:,SEGURO SOCIAL DE SALUD (EsSalud),SEGURO SOCIAL DE SALUD (EsSalud),SSEX,SSEX/01,CORRESPONDENCIA,CORRESPONDENCIA,TEMPORAL,2,0,8,10,ELIMINACION,Archivo Central (opcional/intermedio),Ejecutar eliminacion documental conforme PCD/AGN.,Agotado el valor primario y vencidos plazos reglados en AG/AP/OAA.,2055e6182b5a1e82fdb39ecfaba7343e1299f02229b03bda063c7e10c3bc7be7
anexo2_layout.txt,174,2. Nombre de la entidad:,SEGURO SOCIAL DE SALUD (EsSalud),SEGURO SOCIAL DE SALUD (EsSalud),PREV,PREV/01,CORRESPONDENCIA,CORRESPONDENCIA,TEMPORAL,2,0,6,8,ELIMINACION,Archivo de Gestion/Periferico,Ejecutar eliminacion documental conforme PCD/AGN.,Agotado el valor primario y vencidos plazos reglados en AG/AP/OAA.,b2d7345268db6d3a561d235153dc9bae45c0fd79eaac7fa2238e389133d0e9aa
anexo2_layout.txt,175,2. Nombre de la entidad:,SEGURO SOCIAL DE SALUD (EsSalud),SEGURO SOCIAL DE SALUD (EsSalud),PRHO,PRHO/01,CORRESPONDENCIA,CORRESPONDENCIA,TEMPORAL,2,0,6,8,ELIMINACION,Archivo de Gestion/Periferico,Ejecutar eliminacion documental conforme PCD/AGN.,Agotado el valor primario y vencidos plazos reglados en AG/AP/OAA.,c23bbda673fb79cd1481a87b11cb2d8f25b442afce90a1db7cbe4b265ad947cd
anexo2_layout.txt,176,2. Nombre de la entidad:,SEGURO SOCIAL DE SALUD (EsSalud),SEGURO SOCIAL DE SALUD (EsSalud),SEFI,SEFI/01,CORRESPONDENCIA,CORRESPONDENCIA,TEMPORAL,2,0,6,8,ELIMINACION,Archivo de Gestion/Periferico,Ejecutar eliminacion documental conforme PCD/AGN.,Agotado el valor primario y vencidos plazos reglados en AG/AP/OAA.,d2fbeb9191cf23f574c8fcbd00e45199c03d680f88a4d4d918c231f63ba1517d
anexo2_layout.txt,177,2. Nombre de la entidad:,SEGURO SOCIAL DE SALUD (EsSalud),SEGURO SOCIAL DE SALUD (EsSalud),SECC,SECC/01,ACTAS DE COMITES TECNICOS,ACTAS DE COMITES TECNICOS,TEMPORAL,2,0,13,15,ELIMINACION,Archivo Central (opcional/intermedio),Ejecutar eliminacion documental conforme PCD/AGN.,Agotado el valor primario y vencidos plazos reglados en AG/AP/OAA.,97dabf03cd661275da9608464537c147824277c81ef4c2a2e4656741b0dc5d51
anexo2_layout.txt,177,2. Nombre de la entidad:,SEGURO SOCIAL DE SALUD (EsSalud),SEGURO SOCIAL DE SALUD (EsSalud),SECC,SECC/02,CORRESPONDENCIA,CORRESPONDENCIA,TEMPORAL,2,0,6,8,ELIMINACION,Archivo de Gestion/Periferico,Ejecutar eliminacion documental conforme PCD/AGN.,Agotado el valor primario y vencidos plazos reglados en AG/AP/OAA.,93c2f58b1d544d9d448bdc0bc0bc7eab7441176bcfb17f3dcd8e5985fc7ae49b
anexo2_layout.txt,178,2. Nombre de la entidad:,SEGURO SOCIAL DE SALUD (EsSalud),SEGURO SOCIAL DE SALUD (EsSalud),SEIN,SEIN/01,ACTAS DE COMITES TECNICOS,ACTAS DE COMITES TECNICOS,TEMPORAL,2,0,13,15,ELIMINACION,Archivo Central (opcional/intermedio),Ejecutar eliminacion documental conforme PCD/AGN.,Agotado el valor primario y vencidos plazos reglados en AG/AP/OAA.,e12f8f9defedf9af967fa804b3e9f9f01214befcae0ae69399f4f0c672e83e8c
anexo2_layout.txt,178,2. Nombre de la entidad:,SEGURO SOCIAL DE SALUD (EsSalud),SEGURO SOCIAL DE SALUD (EsSalud),SEIN,SEIN/02,CORRESPONDENCIA,CORRESPONDENCIA,TEMPORAL,2,0,6,8,ELIMINACION,Archivo de Gestion/Periferico,Ejecutar eliminacion documental conforme PCD/AGN.,Agotado el valor primario y vencidos plazos reglados en AG/AP/OAA.,6183640803bf2d36f70b7b93071c482e8ddcd52d5bfaed9b53b90d3bad8fb347
anexo2_layout.txt,179,2. Nombre de la entidad:,SEGURO SOCIAL DE SALUD (EsSalud),SEGURO SOCIAL DE SALUD (EsSalud),CTSH,CTSH/01,ACTAS DE COMITES TECNICOS,ACTAS DE COMITES TECNICOS,TEMPORAL,2,0,13,15,ELIMINACION,Archivo Central (opcional/intermedio),Ejecutar eliminacion documental conforme PCD/AGN.,Agotado el valor primario y vencidos plazos reglados en AG/AP/OAA.,579d371e4dc8c6b16086395cedbf722af33a433f70de8b0bad00dcf26009f1f9
anexo2_layout.txt,179,2. Nombre de la entidad:,SEGURO SOCIAL DE SALUD (EsSalud),SEGURO SOCIAL DE SALUD (EsSalud),CTSH,CTSH/02,CORRESPONDENCIA,CORRESPONDENCIA,TEMPORAL,2,0,6,8,ELIMINACION,Archivo de Gestion/Periferico,Ejecutar eliminacion documental conforme PCD/AGN.,Agotado el valor primario y vencidos plazos reglados en AG/AP/OAA.,e1d7cb29db6deb191d331624dd4c5cb3e5c24e7fe71abb4b38a94e024d5ba14b
anexo2_layout.txt,180,2. Nombre de la entidad:,SEGURO SOCIAL DE SALUD (EsSalud),SEGURO SOCIAL DE SALUD (EsSalud),OPSA,OPSA/01,CORRESPONDENCIA,CORRESPONDENCIA,TEMPORAL,2,0,6,8,ELIMINACION,Archivo de Gestion/Periferico,Ejecutar eliminacion documental conforme PCD/AGN.,Agotado el valor primario y vencidos plazos reglados en AG/AP/OAA.,6b1b7f444fddcca4591ea3f1eb1a9acc077db2a79d466bcac4e4ef7bd05ecec7
anexo2_layout.txt,181,2. Nombre de la entidad:,SEGURO SOCIAL DE SALUD (EsSalud),SEGURO SOCIAL DE SALUD (EsSalud),OPAT,OPAT/01,CORRESPONDENCIA,CORRESPONDENCIA,TEMPORAL,2,0,6,8,ELIMINACION,Archivo de Gestion/Periferico,Ejecutar eliminacion documental conforme PCD/AGN.,Agotado el valor primario y vencidos plazos reglados en AG/AP/OAA.,e7c2fd98677798eafc2332a1dff32415aacff1cc1660b667262ad8805832e051
anexo2_layout.txt,182,2. Nombre de la entidad:,SEGURO SOCIAL DE SALUD (EsSalud),SEGURO SOCIAL DE SALUD (EsSalud),ORNO,ORNO/01,CORRESPONDENCIA,CORRESPONDENCIA,TEMPORAL,2,0,6,8,ELIMINACION,Archivo de Gestion/Periferico,Ejecutar eliminacion documental conforme PCD/AGN.,Agotado el valor primario y vencidos plazos reglados en AG/AP/OAA.,6d75e0e4dbcf7ad2d5711b7a2c8fd17806d1a8d3d5b6c7e58e8e67defe100ad8
anexo2_layout.txt,183,2. Nombre de la entidad:,SEGURO SOCIAL DE SALUD (EsSalud),SEGURO SOCIAL DE SALUD (EsSalud),ORCS,ORCS/01,CORRESPONDENCIA,CORRESPONDENCIA,TEMPORAL,2,0,6,8,ELIMINACION,Archivo de Gestion/Periferico,Ejecutar eliminacion documental conforme PCD/AGN.,Agotado el valor primario y vencidos plazos reglados en AG/AP/OAA.,42664837cff61a78b3e886d0c9a1b873ee96dedc50fac82ef1fc8d0cf3e38eb3
anexo2_layout.txt,184,2. Nombre de la entidad:,SEGURO SOCIAL DE SALUD (EsSalud),SEGURO SOCIAL DE SALUD (EsSalud),ORLI,ORLI/01,CORRESPONDENCIA,CORRESPONDENCIA,TEMPORAL,2,0,6,8,ELIMINACION,Archivo de Gestion/Periferico,Ejecutar eliminacion documental conforme PCD/AGN.,Agotado el valor primario y vencidos plazos reglados en AG/AP/OAA.,48f85a03364f7a3ee89857ec5c61a5d643101937dc037a7390b0243d5464c373
anexo2_layout.txt,185,2. Nombre de la entidad:,SEGURO SOCIAL DE SALUD (EsSalud),SEGURO SOCIAL DE SALUD (EsSalud),GESI,GESI/01,CORRESPONDENCIA,CORRESPONDENCIA,TEMPORAL,2,0,6,8,ELIMINACION,Archivo de Gestion/Periferico,Ejecutar eliminacion documental conforme PCD/AGN.,Agotado el valor primario y vencidos plazos reglados en AG/AP/OAA.,037b83b95fa339dcc2a452747ace661ddfa0ffa85cd1b6a5abec02ecc92ec58e
anexo2_layout.txt,186,2. Nombre de la entidad:,SEGURO SOCIAL DE SALUD (EsSalud),SEGURO SOCIAL DE SALUD (EsSalud),PAEX,PAEX/01,EXPEDIENTES DE ATENCIONES EXTRAINSTITUCIONALES,EXPEDIENTES DE ATENCIONES EXTRAINSTITUCIONALES,PERMANENTE,5,0,25,30,TRANSFERENCIA,Archivo Central,Conservar en Archivo Central de forma indefinida.,Conservacion permanente segun PCD,99916a7d7d8e6e5e5dc4b47ed50ccca266a35093f9c1d81bab15494d0624fa88
anexo2_layout.txt,186,2. Nombre de la entidad:,SEGURO SOCIAL DE SALUD (EsSalud),SEGURO SOCIAL DE SALUD (EsSalud),PAEX,PAEX/02,CORRESPONDENCIA,CORRESPONDENCIA,TEMPORAL,2,0,8,10,ELIMINACION,Archivo Central (opcional/intermedio),Ejecutar eliminacion documental conforme PCD/AGN.,Agotado el valor primario y vencidos plazos reglados en AG/AP/OAA.,702ba95eb9db318baeae54351e43cb19b78dcf05702dfabea788aa04b12eae2b
anexo2_layout.txt,187,2. Nombre de la entidad:,SEGURO SOCIAL DE SALUD (EsSalud),SEGURO SOCIAL DE SALUD (EsSalud),GOHE,GOHE/01,CORRESPONDENCIA,CORRESPONDENCIA,TEMPORAL,2,0,6,8,ELIMINACION,Archivo de Gestion/Periferico,Ejecutar eliminacion documental conforme PCD/AGN.,Agotado el valor primario y vencidos plazos reglados en AG/AP/OAA.,5d8a64989bfb517715d0faad33b29976d397346f2c80e83bb4ba685e94f7320d
anexo2_layout.txt,188,2. Nombre de la entidad:,SEGURO SOCIAL DE SALUD (EsSalud),SEGURO SOCIAL DE SALUD (EsSalud),GOEL,GOEL/01,CORRESPONDENCIA,CORRESPONDENCIA,TEMPORAL,2,0,6,8,ELIMINACION,Archivo de Gestion/Periferico,Ejecutar eliminacion documental conforme PCD/AGN.,Agotado el valor primario y vencidos plazos reglados en AG/AP/OAA.,2ee519e901d21d6ce789c59adfa34ca0889df146940da382b9d7c7242e3aabd4
anexo2_layout.txt,189,2. Nombre de la entidad:,SEGURO SOCIAL DE SALUD (EsSalud),SEGURO SOCIAL DE SALUD (EsSalud),GOUE,GOUE/01,CORRESPONDENCIA,CORRESPONDENCIA,TEMPORAL,2,0,6,8,ELIMINACION,Archivo de Gestion/Periferico,Ejecutar eliminacion documental conforme PCD/AGN.,Agotado el valor primario y vencidos plazos reglados en AG/AP/OAA.,8867568ecf8df034113ad318b18ade5ba45c78692f96fb647b525f13d87b1aca
anexo2_layout.txt,190,2. Nombre de la entidad:,SEGURO SOCIAL DE SALUD (EsSalud),SEGURO SOCIAL DE SALUD (EsSalud),COPS,COPS/01,EXPEDIENTES DE AUDITORIAS DE CASO,EXPEDIENTES DE AUDITORIAS DE CASO,PERMANENTE,5,0,25,30,TRANSFERENCIA,Archivo Central,Conservar en Archivo Central de forma indefinida.,Conservacion permanente segun PCD,f5caa4e17c6039ea45da2c7e4f85e527b4d7bcf12ba8e383c3dd7b44da9d5c68
anexo2_layout.txt,190,2. Nombre de la entidad:,SEGURO SOCIAL DE SALUD (EsSalud),SEGURO SOCIAL DE SALUD (EsSalud),COPS,COPS/02,CORRESPONDENCIA,CORRESPONDENCIA,TEMPORAL,2,0,8,10,ELIMINACION,Archivo Central (opcional/intermedio),Ejecutar eliminacion documental conforme PCD/AGN.,Agotado el valor primario y vencidos plazos reglados en AG/AP/OAA.,9abbbb08f00e30d58616e8ac3c416e3ed309d1f0a5defc8770e4238dc95c70fe
anexo2_layout.txt,191,2. Nombre de la entidad:,SEGURO SOCIAL DE SALUD (EsSalud),SEGURO SOCIAL DE SALUD (EsSalud),CONO,CONO/01,CORRESPONDENCIA,CORRESPONDENCIA,TEMPORAL,2,0,6,8,ELIMINACION,Archivo de Gestion/Periferico,Ejecutar eliminacion documental conforme PCD/AGN.,Agotado el valor primario y vencidos plazos reglados en AG/AP/OAA.,01680fdcc3a45eedcb99fef0a8c5a44e198f411b05d1785e6fe9b80f532fcc04
anexo2_layout.txt,192,2. Nombre de la entidad:,SEGURO SOCIAL DE SALUD (EsSalud),SEGURO SOCIAL DE SALUD (EsSalud),COCS,COCS/01,CORRESPONDENCIA,CORRESPONDENCIA,TEMPORAL,2,0,6,8,ELIMINACION,Archivo de Gestion/Periferico,Ejecutar eliminacion documental conforme PCD/AGN.,Agotado el valor primario y vencidos plazos reglados en AG/AP/OAA.,db702ae0fa685df26f6308f869b56da693208503dbb869db12f657ffdca6cb7f
anexo2_layout.txt,193,2. Nombre de la entidad:,SEGURO SOCIAL DE SALUD (EsSalud),SEGURO SOCIAL DE SALUD (EsSalud),COLA,COLA/01,CORRESPONDENCIA,CORRESPONDENCIA,TEMPORAL,2,0,6,8,ELIMINACION,Archivo de Gestion/Periferico,Ejecutar eliminacion documental conforme PCD/AGN.,Agotado el valor primario y vencidos plazos reglados en AG/AP/OAA.,10d78092ec228eaeb246aaff752e9830eb4a3414befe8b77c895a9f7dddc677a
anexo2_layout.txt,194,2. Nombre de la entidad:,SEGURO SOCIAL DE SALUD (EsSalud),SEGURO SOCIAL DE SALUD (EsSalud),COLB,COLB/01,CORRESPONDENCIA,CORRESPONDENCIA,TEMPORAL,2,0,6,8,ELIMINACION,Archivo de Gestion/Periferico,Ejecutar eliminacion documental conforme PCD/AGN.,Agotado el valor primario y vencidos plazos reglados en AG/AP/OAA.,1502a6ac5f1dd2d7ede92521f66bf39664ef37033cbb9b46fc37865858340949
anexo2_layout.txt,195,2. Nombre de la entidad:,SEGURO SOCIAL DE SALUD (EsSalud),SEGURO SOCIAL DE SALUD (EsSalud),DGPS,DGPS/01,CORRESPONDENCIA,CORRESPONDENCIA,TEMPORAL,2,0,6,8,ELIMINACION,Archivo de Gestion/Periferico,Ejecutar eliminacion documental conforme PCD/AGN.,Agotado el valor primario y vencidos plazos reglados en AG/AP/OAA.,f0b337ac884ef43fb4b2c7885f974523546f4abd9723d58448aedc27199404d1
anexo2_layout.txt,196,2. Nombre de la entidad:,SEGURO SOCIAL DE SALUD (EsSalud),SEGURO SOCIAL DE SALUD (EsSalud),PRTR,PRTR/01,EXPEDIENTES DE PAGOS OPERATIVOS,EXPEDIENTES DE PAGOS OPERATIVOS,TEMPORAL,2,0,8,10,ELIMINACION,Archivo Central (opcional/intermedio),Ejecutar eliminacion documental conforme PCD/AGN.,Agotado el valor primario y vencidos plazos reglados en AG/AP/OAA.,033ab505d4abf2a0ee54703ba4e623ee2542a55182fc28c8781d3c406913532a
anexo2_layout.txt,196,2. Nombre de la entidad:,SEGURO SOCIAL DE SALUD (EsSalud),SEGURO SOCIAL DE SALUD (EsSalud),PRTR,PRTR/02,CORRESPONDENCIA,CORRESPONDENCIA,TEMPORAL,2,0,6,8,ELIMINACION,Archivo de Gestion/Periferico,Ejecutar eliminacion documental conforme PCD/AGN.,Agotado el valor primario y vencidos plazos reglados en AG/AP/OAA.,37f2bf1aac83376a237e560609b1c66456d0a6e9f53c672d5d5312b834e4d12b
anexo2_layout.txt,197,2. Nombre de la entidad:,SEGURO SOCIAL DE SALUD (EsSalud),SEGURO SOCIAL DE SALUD (EsSalud),PROC,PROC/01,EXPEDIENTES DE ACREDITACION DE HOSPITALES,EXPEDIENTES DE ACREDITACION DE HOSPITALES,TEMPORAL,2,0,8,10,ELIMINACION,Archivo Central (opcional/intermedio),Ejecutar eliminacion documental conforme PCD/AGN.,Agotado el valor primario y vencidos plazos reglados en AG/AP/OAA.,c4a782e15f196c1429c4cde6c9e078274b9bd5e4899cbf9d69c835d17e9881d9
anexo2_layout.txt,197,2. Nombre de la entidad:,SEGURO SOCIAL DE SALUD (EsSalud),SEGURO SOCIAL DE SALUD (EsSalud),PROC,PROC/02,CORRESPONDENCIA,CORRESPONDENCIA,TEMPORAL,2,0,6,8,ELIMINACION,Archivo de Gestion/Periferico,Ejecutar eliminacion documental conforme PCD/AGN.,Agotado el valor primario y vencidos plazos reglados en AG/AP/OAA.,0ecc888678def6ea009bf23c0a97683de7ead4d211f475b59998e3a41cb5abcc
anexo2_layout.txt,198,2. Nombre de la entidad:,SEGURO SOCIAL DE SALUD (EsSalud),SEGURO SOCIAL DE SALUD (EsSalud),CNTR,CNTR/01,ACTAS DE ACUERDOS,ACTAS DE ACUERDOS,TEMPORAL,2,0,13,15,ELIMINACION,Archivo Central (opcional/intermedio),Ejecutar eliminacion documental conforme PCD/AGN.,Agotado el valor primario y vencidos plazos reglados en AG/AP/OAA.,0aa62f23626477f6795f7bcc168be73563fc341d75110f5111c682a3854ceab7
anexo2_layout.txt,198,2. Nombre de la entidad:,SEGURO SOCIAL DE SALUD (EsSalud),SEGURO SOCIAL DE SALUD (EsSalud),CNTR,CNTR/02,CORRESPONDENCIA,CORRESPONDENCIA,TEMPORAL,2,0,6,8,ELIMINACION,Archivo de Gestion/Periferico,Ejecutar eliminacion documental conforme PCD/AGN.,Agotado el valor primario y vencidos plazos reglados en AG/AP/OAA.,2471d9645caae371d452a8236c4540a869773725cf81be3494b261c7ea2be24e
anexo2_layout.txt,199,2. Nombre de la entidad:,SEGURO SOCIAL DE SALUD (EsSalud),SEGURO SOCIAL DE SALUD (EsSalud),PESO,PESO/01,RESOLUCIONES,RESOLUCIONES,PERMANENTE,2,3,25,30,TRANSFERENCIA,Archivo Central,Conservar en Archivo Central de forma indefinida.,Conservacion permanente segun PCD,a3f748a441ec2b0cc24f9819ca8f9a3bf3da62594ae16b5547635b9b0d5af460
anexo2_layout.txt,199,2. Nombre de la entidad:,SEGURO SOCIAL DE SALUD (EsSalud),SEGURO SOCIAL DE SALUD (EsSalud),PESO,PESO/02,CORRESPONDENCIA,CORRESPONDENCIA,TEMPORAL,2,3,5,10,ELIMINACION,Archivo Central (opcional/intermedio),Ejecutar eliminacion documental conforme PCD/AGN.,Agotado el valor primario y vencidos plazos reglados en AG/AP/OAA.,a4c9d693bc5b59e53f17ab9826efdf8e8c3aff222779d8b6cd9c7f9a521f8b9c
anexo2_layout.txt,200,2. Nombre de la entidad:,SEGURO SOCIAL DE SALUD (EsSalud),SEGURO SOCIAL DE SALUD (EsSalud),APYC,APYC/01,CORRESPONDENCIA,CORRESPONDENCIA,TEMPORAL,2,3,3,8,ELIMINACION,Archivo de Gestion/Periferico,Ejecutar eliminacion documental conforme PCD/AGN.,Agotado el valor primario y vencidos plazos reglados en AG/AP/OAA.,4580dcbe6087d5f17ec98bd4351605b014791137eaf317409e72068d7832737d
anexo2_layout.txt,201,2. Nombre de la entidad:,SEGURO SOCIAL DE SALUD (EsSalud),SEGURO SOCIAL DE SALUD (EsSalud),PRSO,PRSO/01,CORRESPONDENCIA,CORRESPONDENCIA,TEMPORAL,2,0,6,8,ELIMINACION,Archivo de Gestion/Periferico,Ejecutar eliminacion documental conforme PCD/AGN.,Agotado el valor primario y vencidos plazos reglados en AG/AP/OAA.,ba34d4d93b3c80b73aa4f527f229ec3687ed7295262690313ee21fb51d100a94
anexo2_layout.txt,202,2. Nombre de la entidad:,SEGURO SOCIAL DE SALUD (EsSalud),SEGURO SOCIAL DE SALUD (EsSalud),REHA,REHA/01,CORRESPONDENCIA,CORRESPONDENCIA,TEMPORAL,3,0,7,10,ELIMINACION,Archivo Central (opcional/intermedio),Ejecutar eliminacion documental conforme PCD/AGN.,Agotado el valor primario y vencidos plazos reglados en AG/AP/OAA.,1347bf471b7c00774f3e55144961d2528cd8fc35bcdd5a442e87bcffa02b44dd
anexo2_layout.txt,203,2. Nombre de la entidad:,SEGURO SOCIAL DE SALUD (EsSalud),SEGURO SOCIAL DE SALUD (EsSalud),CERP,CERP/01,HISTORIAS CLINICAS DE REHABILITACION,HISTORIAS CLINICAS DE REHABILITACION,TEMPORAL,5,10,5,20,ELIMINACION,Archivo Central (opcional/intermedio),Ejecutar eliminacion documental conforme PCD/AGN.,Agotado el valor primario y vencidos plazos reglados en AG/AP/OAA.,9ebe5bd12d5920512817025391f56be1c6c6bfa68600b14934498657ed7ba993
anexo2_layout.txt,203,2. Nombre de la entidad:,SEGURO SOCIAL DE SALUD (EsSalud),SEGURO SOCIAL DE SALUD (EsSalud),CERP,CERP/02,LIBROS DE RECLAMACIONES,LIBROS DE RECLAMACIONES,TEMPORAL,2,2,2,6,ELIMINACION,Archivo de Gestion/Periferico,Ejecutar eliminacion documental conforme PCD/AGN.,Agotado el valor primario y vencidos plazos reglados en AG/AP/OAA.,9646a208d8bf572e76542489caa59dd2434c425809207a79e7517a8bdb421b1d
anexo2_layout.txt,203,2. Nombre de la entidad:,SEGURO SOCIAL DE SALUD (EsSalud),SEGURO SOCIAL DE SALUD (EsSalud),CERP,CERP/03,CORRESPONDENCIA,CORRESPONDENCIA,TEMPORAL,2,2,2,6,ELIMINACION,Archivo de Gestion/Periferico,Ejecutar eliminacion documental conforme PCD/AGN.,Agotado el valor primario y vencidos plazos reglados en AG/AP/OAA.,8f5f1417b047c04ec6ca0da5831fc54e849377929b407c40e1aca8120315f6c5
anexo2_layout.txt,204,2. Nombre de la entidad:,SEGURO SOCIAL DE SALUD (EsSalud),SEGURO SOCIAL DE SALUD (EsSalud),MBRE,MBRE/01,HISTORIAS CLINICAS DE REHABILITACION,HISTORIAS CLINICAS DE REHABILITACION,TEMPORAL,5,10,5,20,ELIMINACION,Archivo Central (opcional/intermedio),Ejecutar eliminacion documental conforme PCD/AGN.,Agotado el valor primario y vencidos plazos reglados en AG/AP/OAA.,5d6d0497783077d8636434b0547a1b619ba5ab2e3d71c9c9c8e93422d00320bd
anexo2_layout.txt,204,2. Nombre de la entidad:,SEGURO SOCIAL DE SALUD (EsSalud),SEGURO SOCIAL DE SALUD (EsSalud),MBRE,MBRE/02,LIBROS DE RECLAMACIONES,LIBROS DE RECLAMACIONES,TEMPORAL,2,2,2,6,ELIMINACION,Archivo de Gestion/Periferico,Ejecutar eliminacion documental conforme PCD/AGN.,Agotado el valor primario y vencidos plazos reglados en AG/AP/OAA.,8bca1d67eec12928ee547837ab21a1c6174201b1214f67abd9ea39c228178b53
anexo2_layout.txt,204,2. Nombre de la entidad:,SEGURO SOCIAL DE SALUD (EsSalud),SEGURO SOCIAL DE SALUD (EsSalud),MBRE,MBRE/03,CORRESPONDENCIA,CORRESPONDENCIA,TEMPORAL,2,2,2,6,ELIMINACION,Archivo de Gestion/Periferico,Ejecutar eliminacion documental conforme PCD/AGN.,Agotado el valor primario y vencidos plazos reglados en AG/AP/OAA.,026a301737b9c23e72afc4dac0a1cb4b9c2eb280fdadf4b5bacf39a7b3c2adfd
anexo2_layout.txt,205,2. Nombre de la entidad:,SEGURO SOCIAL DE SALUD (EsSalud),SEGURO SOCIAL DE SALUD (EsSalud),PRAM,PRAM/01,CORRESPONDENCIA,CORRESPONDENCIA,TEMPORAL,2,0,6,8,ELIMINACION,Archivo de Gestion/Periferico,Ejecutar eliminacion documental conforme PCD/AGN.,Agotado el valor primario y vencidos plazos reglados en AG/AP/OAA.,5bd079dc797935fd77a9b306f5e2c52a7fc148f0801b0f8563f1fb2cfe0e6aa5
anexo2_layout.txt,206,2. Nombre de la entidad:,SEGURO SOCIAL DE SALUD (EsSalud),SEGURO SOCIAL DE SALUD (EsSalud),CEAM,CEAM/01,LIBROS DE ACTAS DE ASAMBLEAS,LIBROS DE ACTAS DE ASAMBLEAS,TEMPORAL,2,7,1,10,ELIMINACION,Archivo Central (opcional/intermedio),Ejecutar eliminacion documental conforme PCD/AGN.,Agotado el valor primario y vencidos plazos reglados en AG/AP/OAA.,e4ce84c4fa89e50158dc4e6d994577045d9b8296034c8c5bfc8b67847c51f6a3
anexo2_layout.txt,206,2. Nombre de la entidad:,SEGURO SOCIAL DE SALUD (EsSalud),SEGURO SOCIAL DE SALUD (EsSalud),CEAM,CEAM/02,LIBROS DE ACTAS DE COORDINADORES,LIBROS DE ACTAS DE COORDINADORES,TEMPORAL,2,7,1,10,ELIMINACION,Archivo Central (opcional/intermedio),Ejecutar eliminacion documental conforme PCD/AGN.,Agotado el valor primario y vencidos plazos reglados en AG/AP/OAA.,079afdc027dff70ea25ccd0175d0361a2a3cc39f7cfc45ef4b9b0abd795e9001
anexo2_layout.txt,206,2. Nombre de la entidad:,SEGURO SOCIAL DE SALUD (EsSalud),SEGURO SOCIAL DE SALUD (EsSalud),CEAM,CEAM/03,LIBROS DE INGRESOS Y EGRESOS,LIBROS DE INGRESOS Y EGRESOS,TEMPORAL,2,7,1,10,ELIMINACION,Archivo Central (opcional/intermedio),Ejecutar eliminacion documental conforme PCD/AGN.,Agotado el valor primario y vencidos plazos reglados en AG/AP/OAA.,f6ae73dcb77316f974f663c5d870ed10b986ddc52a39bdf2024e3204addd5b15
anexo2_layout.txt,206,2. Nombre de la entidad:,SEGURO SOCIAL DE SALUD (EsSalud),SEGURO SOCIAL DE SALUD (EsSalud),CEAM,CEAM/04,FICHAS INTEGRALES,FICHAS INTEGRALES,TEMPORAL,2,7,1,10,ELIMINACION,Archivo Central (opcional/intermedio),Ejecutar eliminacion documental conforme PCD/AGN.,Agotado el valor primario y vencidos plazos reglados en AG/AP/OAA.,e661f2bb5bff365bb84bb4cd5f85a65e5a1be5b067f0507b972f39e024067fdc
anexo2_layout.txt,206,2. Nombre de la entidad:,SEGURO SOCIAL DE SALUD (EsSalud),SEGURO SOCIAL DE SALUD (EsSalud),CEAM,CEAM/05,PADRONES DE AFILIADOS,PADRONES DE AFILIADOS,TEMPORAL,2,7,1,10,ELIMINACION,Archivo Central (opcional/intermedio),Ejecutar eliminacion documental conforme PCD/AGN.,Agotado el valor primario y vencidos plazos reglados en AG/AP/OAA.,0f2f19724277a19c5d2c902ab4919c52cf93901d2da6a7953706040318e2b9c6
anexo2_layout.txt,206,2. Nombre de la entidad:,SEGURO SOCIAL DE SALUD (EsSalud),SEGURO SOCIAL DE SALUD (EsSalud),CEAM,CEAM/06,LIBROS DE ASISTENCIAS,LIBROS DE ASISTENCIAS,TEMPORAL,2,3,3,8,ELIMINACION,Archivo de Gestion/Periferico,Ejecutar eliminacion documental conforme PCD/AGN.,Agotado el valor primario y vencidos plazos reglados en AG/AP/OAA.,c34b6b658433dd97501d36bc9fe7afc27948ced3b1e6b8046817b4ba4be41bf6
anexo2_layout.txt,206,2. Nombre de la entidad:,SEGURO SOCIAL DE SALUD (EsSalud),SEGURO SOCIAL DE SALUD (EsSalud),CEAM,CEAM/07,REGISTRO DE PARTICIPACIONES,REGISTRO DE PARTICIPACIONES,TEMPORAL,2,2,2,6,ELIMINACION,Archivo de Gestion/Periferico,Ejecutar eliminacion documental conforme PCD/AGN.,Agotado el valor primario y vencidos plazos reglados en AG/AP/OAA.,e2ff860d69fca5447bcd1100b233d919bbc4281f2934a11be750879e9d97d0f2
anexo2_layout.txt,206,2. Nombre de la entidad:,SEGURO SOCIAL DE SALUD (EsSalud),SEGURO SOCIAL DE SALUD (EsSalud),CEAM,CEAM/08,LIBROS DE RECLAMACIONES,LIBROS DE RECLAMACIONES,TEMPORAL,2,2,2,6,ELIMINACION,Archivo de Gestion/Periferico,Ejecutar eliminacion documental conforme PCD/AGN.,Agotado el valor primario y vencidos plazos reglados en AG/AP/OAA.,789b18a9865866148d29986461f7e87f7fd5336582a207dd31c4cde4946be00b
anexo2_layout.txt,206,2. Nombre de la entidad:,SEGURO SOCIAL DE SALUD (EsSalud),SEGURO SOCIAL DE SALUD (EsSalud),CEAM,CEAM/09,CORRESPONDENCIA,CORRESPONDENCIA,TEMPORAL,2,2,2,6,ELIMINACION,Archivo de Gestion/Periferico,Ejecutar eliminacion documental conforme PCD/AGN.,Agotado el valor primario y vencidos plazos reglados en AG/AP/OAA.,f06716c855ec1af1d0393661016f3674672cc281392edb34731e901213d2bbfc
anexo2_layout.txt,207,2. Nombre de la entidad:,SEGURO SOCIAL DE SALUD (EsSalud),SEGURO SOCIAL DE SALUD (EsSalud),PREC,PREC/01,CORRESPONDENCIA,CORRESPONDENCIA,TEMPORAL,2,2,6,10,ELIMINACION,Archivo Central (opcional/intermedio),Ejecutar eliminacion documental conforme PCD/AGN.,Agotado el valor primario y vencidos plazos reglados en AG/AP/OAA.,6be3e44b8034be7a0b650e26dc9858105ac07370df95e9df7e625a8ded0381c0
anexo2_layout.txt,208,2. Nombre de la entidad:,SEGURO SOCIAL DE SALUD (EsSalud),SEGURO SOCIAL DE SALUD (EsSalud),ACEM,ACEM/01,INFORMES DE AUDITORIA,INFORMES DE AUDITORIA,TEMPORAL,2,0,13,15,ELIMINACION,Archivo Central (opcional/intermedio),Ejecutar eliminacion documental conforme PCD/AGN.,Agotado el valor primario y vencidos plazos reglados en AG/AP/OAA.,56db7674d3555577f48c8d7140e55a9963e1ac6993b1795b24ed64a548b3c24f
anexo2_layout.txt,208,2. Nombre de la entidad:,SEGURO SOCIAL DE SALUD (EsSalud),SEGURO SOCIAL DE SALUD (EsSalud),ACEM,ACEM/02,INFORMES DE SUPERVISION MEDICA,INFORMES DE SUPERVISION MEDICA,TEMPORAL,2,0,13,15,ELIMINACION,Archivo Central (opcional/intermedio),Ejecutar eliminacion documental conforme PCD/AGN.,Agotado el valor primario y vencidos plazos reglados en AG/AP/OAA.,29a91af7705650ab97e0387410aaa0da156b4ce51e102c3c31e69355162a5609
anexo2_layout.txt,208,2. Nombre de la entidad:,SEGURO SOCIAL DE SALUD (EsSalud),SEGURO SOCIAL DE SALUD (EsSalud),ACEM,ACEM/03,PAPELES DE TRABAJO,PAPELES DE TRABAJO,TEMPORAL,2,0,8,10,ELIMINACION,Archivo Central (opcional/intermedio),Ejecutar eliminacion documental conforme PCD/AGN.,Agotado el valor primario y vencidos plazos reglados en AG/AP/OAA.,bf5bb6d1a5374131882d5c47ddb45584eea24dc96fc296d55a6f1a8876257fbf
anexo2_layout.txt,208,2. Nombre de la entidad:,SEGURO SOCIAL DE SALUD (EsSalud),SEGURO SOCIAL DE SALUD (EsSalud),ACEM,ACEM/04,CORRESPONDENCIA,CORRESPONDENCIA,TEMPORAL,2,0,6,10,ELIMINACION,Archivo de Gestion/Periferico,Ejecutar eliminacion documental conforme PCD/AGN.,Agotado el valor primario y vencidos plazos reglados en AG/AP/OAA.,f34d90a531f0d4b2e6aecdf6e5fa206a1be2fd04d3e30e4d0e014371d0311442
anexo2_layout.txt,209,2. Nombre de la entidad:,SEGURO SOCIAL DE SALUD (EsSalud),SEGURO SOCIAL DE SALUD (EsSalud),NOCO,NOCO/01,RESOLUCIONES,RESOLUCIONES,PERMANENTE,2,0,28,30,TRANSFERENCIA,Archivo Central,Conservar en Archivo Central de forma indefinida.,Conservacion permanente segun PCD,e5e49d9bc39e752fc12b3d9f085e397eb6f8403677edefbd5f0da6b4d6433994
anexo2_layout.txt,209,2. Nombre de la entidad:,SEGURO SOCIAL DE SALUD (EsSalud),SEGURO SOCIAL DE SALUD (EsSalud),NOCO,NOCO/02,CORRESPONDENCIA,CORRESPONDENCIA,TEMPORAL,2,0,6,8,ELIMINACION,Archivo de Gestion/Periferico,Ejecutar eliminacion documental conforme PCD/AGN.,Agotado el valor primario y vencidos plazos reglados en AG/AP/OAA.,c0c1b321a14aa9155ca1cb8bae9ba94d6fbecd23c4e0848f5474efee09954dc1
anexo2_layout.txt,210,2. Nombre de la entidad:,SEGURO SOCIAL DE SALUD (EsSalud),SEGURO SOCIAL DE SALUD (EsSalud),UPRE,UPRE/01,RESOLUCIONES,RESOLUCIONES,PERMANENTE,2,3,25,30,TRANSFERENCIA,Archivo Central,Conservar en Archivo Central de forma indefinida.,Conservacion permanente segun PCD,5bc8fa6016bf0567f6eb66f5ca7696cde863dc82c62969f3359623714157651d
anexo2_layout.txt,210,2. Nombre de la entidad:,SEGURO SOCIAL DE SALUD (EsSalud),SEGURO SOCIAL DE SALUD (EsSalud),UPRE,UPRE/02,CORRESPONDENCIA,CORRESPONDENCIA,TEMPORAL,2,2,4,8,ELIMINACION,Archivo de Gestion/Periferico,Ejecutar eliminacion documental conforme PCD/AGN.,Agotado el valor primario y vencidos plazos reglados en AG/AP/OAA.,c83b87d7af3986c9d3e341d42b0da88a6eb97b14a8564bafbf63bfdd4577b053
anexo2_layout.txt,211,2. Nombre de la entidad:,SEGURO SOCIAL DE SALUD (EsSalud),SEGURO SOCIAL DE SALUD (EsSalud),ASEG,ASEG/02,CORRESPONDENCIA,CORRESPONDENCIA,TEMPORAL,2,0,8,10,ELIMINACION,Archivo Central (opcional/intermedio),Ejecutar eliminacion documental conforme PCD/AGN.,Agotado el valor primario y vencidos plazos reglados en AG/AP/OAA.,6da1601fc00f5e298177220f24a7865a7f4adbd6a2b0543901eba241078cad1a
anexo2_layout.txt,212,2. Nombre de la entidad:,SEGURO SOCIAL DE SALUD (EsSalud),SEGURO SOCIAL DE SALUD (EsSalud),,ACTAS,DE SESIONES,DE SESIONES,TEMPORAL,3,0,7,10,ELIMINACION,Archivo Central (opcional/intermedio),Ejecutar eliminacion documental conforme PCD/AGN.,Agotado el valor primario y vencidos plazos reglados en AG/AP/OAA.,9845709d3f8d7dc4060bddf55b3790efaeab5fcbf247be84c2f43b8e7dcc45aa
anexo2_layout.txt,214,2. Nombre de la entidad:,SEGURO SOCIAL DE SALUD (EsSalud),SEGURO SOCIAL DE SALUD (EsSalud),APAD,APAD/01,CORRESPONDENCIA,CORRESPONDENCIA,TEMPORAL,2,0,8,10,ELIMINACION,Archivo Central (opcional/intermedio),Ejecutar eliminacion documental conforme PCD/AGN.,Agotado el valor primario y vencidos plazos reglados en AG/AP/OAA.,d27bab3d9960b5b14bbdbee222fe3462b7abcc4612db38d03df058beae627cbd
anexo2_layout.txt,215,2. Nombre de la entidad:,SEGURO SOCIAL DE SALUD (EsSalud),SEGURO SOCIAL DE SALUD (EsSalud),COGE,COGE/01,CORRESPONDENCIA,CORRESPONDENCIA,TEMPORAL,2,0,8,10,ELIMINACION,Archivo Central (opcional/intermedio),Ejecutar eliminacion documental conforme PCD/AGN.,Agotado el valor primario y vencidos plazos reglados en AG/AP/OAA.,dd43515759a68d1246d64feeeabed1323f881f72a4b3847e75acfa596e3342cd
anexo2_layout.txt,216,2. Nombre de la entidad:,SEGURO SOCIAL DE SALUD (EsSalud),SEGURO SOCIAL DE SALUD (EsSalud),GERI,GERI/01,CORRESPONDENCIA,CORRESPONDENCIA,TEMPORAL,2,0,8,10,ELIMINACION,Archivo Central (opcional/intermedio),Ejecutar eliminacion documental conforme PCD/AGN.,Agotado el valor primario y vencidos plazos reglados en AG/AP/OAA.,015f5dcf4b7ecf6856689b3784c7bbda6dc628dc50afefbc0c2fbe0dbf6b2f5d
anexo2_layout.txt,217,2. Nombre de la entidad:,SEGURO SOCIAL DE SALUD (EsSalud),SEGURO SOCIAL DE SALUD (EsSalud),PLAR,PLAR/01,EXPEDIENTES DE RIESGOS,EXPEDIENTES DE RIESGOS,TEMPORAL,2,0,8,10,ELIMINACION,Archivo Central (opcional/intermedio),Ejecutar eliminacion documental conforme PCD/AGN.,Agotado el valor primario y vencidos plazos reglados en AG/AP/OAA.,5fa8b1d7ae09bcb549cca60e719cedaf29dc19fb92ddbf4d13be0964e85ac310
anexo2_layout.txt,217,2. Nombre de la entidad:,SEGURO SOCIAL DE SALUD (EsSalud),SEGURO SOCIAL DE SALUD (EsSalud),PLAR,PLAR/02,CORRESPONDENCIA,CORRESPONDENCIA,TEMPORAL,2,0,8,10,ELIMINACION,Archivo Central (opcional/intermedio),Ejecutar eliminacion documental conforme PCD/AGN.,Agotado el valor primario y vencidos plazos reglados en AG/AP/OAA.,9580ea5e93c09d00ce6711ceb7e38bf8124c80799142755d173bfccd9ce331d2
anexo2_layout.txt,218,2. Nombre de la entidad:,SEGURO SOCIAL DE SALUD (EsSalud),SEGURO SOCIAL DE SALUD (EsSalud),ESER,ESER/01,ESTUDIOS FINANCIEROS ACTUARIALES,ESTUDIOS FINANCIEROS ACTUARIALES,PERMANENTE,8,0,22,30,TRANSFERENCIA,Archivo Central,Conservar en Archivo Central de forma indefinida.,Conservacion permanente segun PCD,0399307db6d5533bf422e039e732b556331c318a99adfe30af00897241124cf5
anexo2_layout.txt,218,2. Nombre de la entidad:,SEGURO SOCIAL DE SALUD (EsSalud),SEGURO SOCIAL DE SALUD (EsSalud),ESER,ESER/02,CORRESPONDENCIA,CORRESPONDENCIA,TEMPORAL,2,0,8,10,ELIMINACION,Archivo Central (opcional/intermedio),Ejecutar eliminacion documental conforme PCD/AGN.,Agotado el valor primario y vencidos plazos reglados en AG/AP/OAA.,0700138a96bc6ce0f0d1682a052d36ad25859010b391b6558b973b8dc2297596
anexo2_layout.txt,219,2. Nombre de la entidad:,SEGURO SOCIAL DE SALUD (EsSalud),SEGURO SOCIAL DE SALUD (EsSalud),TECN,TECN/01,CORRESPONDENCIA,CORRESPONDENCIA,TEMPORAL,3,0,7,10,ELIMINACION,Archivo Central (opcional/intermedio),Ejecutar eliminacion documental conforme PCD/AGN.,Agotado el valor primario y vencidos plazos reglados en AG/AP/OAA.,c30b4af7e371d89c33008b1e60d242c224afc7242880f0d82afc0110bfa50d07
anexo2_layout.txt,220,2. Nombre de la entidad:,SEGURO SOCIAL DE SALUD (EsSalud),SEGURO SOCIAL DE SALUD (EsSalud),ADDA,ADDA/01,EXPEDIENTES DE TRANSFERENCIA DE DATOS,EXPEDIENTES DE TRANSFERENCIA DE DATOS,TEMPORAL,5,0,10,15,ELIMINACION,Archivo Central (opcional/intermedio),Ejecutar eliminacion documental conforme PCD/AGN.,Agotado el valor primario y vencidos plazos reglados en AG/AP/OAA.,4ee6234b5c6d1674184ef0bcf256f802c4077c6bb5ff1371c776c15874168aa4
anexo2_layout.txt,220,2. Nombre de la entidad:,SEGURO SOCIAL DE SALUD (EsSalud),SEGURO SOCIAL DE SALUD (EsSalud),ADDA,ADDA/02,INFORMES TECNICOS,INFORMES TECNICOS,TEMPORAL,2,0,10,12,ELIMINACION,Archivo Central (opcional/intermedio),Ejecutar eliminacion documental conforme PCD/AGN.,Agotado el valor primario y vencidos plazos reglados en AG/AP/OAA.,5ad066d92a414a0d35229c26a96328c6aa121e398b1bdfc15c475d0e423c2df9
anexo2_layout.txt,220,2. Nombre de la entidad:,SEGURO SOCIAL DE SALUD (EsSalud),SEGURO SOCIAL DE SALUD (EsSalud),ADDA,ADDA/03,CORRESPONDENCIA,CORRESPONDENCIA,TEMPORAL,2,0,8,10,ELIMINACION,Archivo Central (opcional/intermedio),Ejecutar eliminacion documental conforme PCD/AGN.,Agotado el valor primario y vencidos plazos reglados en AG/AP/OAA.,81ab72a983c3dd68e91121bb7d875448254566d1f71f9bb3213f25e22586be07
anexo2_layout.txt,221,2. Nombre de la entidad:,SEGURO SOCIAL DE SALUD (EsSalud),SEGURO SOCIAL DE SALUD (EsSalud),PROD,PROD/01,ESTUDIOS DE MERCADOS DE SEGUROS,ESTUDIOS DE MERCADOS DE SEGUROS,TEMPORAL,5,0,10,15,ELIMINACION,Archivo Central (opcional/intermedio),Ejecutar eliminacion documental conforme PCD/AGN.,Agotado el valor primario y vencidos plazos reglados en AG/AP/OAA.,50e1114899bff24fd2cc23ff1ae1fceeaf2d244cfa004fdfd38d71d8d13517fb
anexo2_layout.txt,221,2. Nombre de la entidad:,SEGURO SOCIAL DE SALUD (EsSalud),SEGURO SOCIAL DE SALUD (EsSalud),PROD,PROD/02,CORRESPONDENCIA,CORRESPONDENCIA,TEMPORAL,2,0,8,10,ELIMINACION,Archivo Central (opcional/intermedio),Ejecutar eliminacion documental conforme PCD/AGN.,Agotado el valor primario y vencidos plazos reglados en AG/AP/OAA.,28f720145a61477dfceb3cd5d94919982adaf082f7c9fb227f6162a56f184f19
anexo2_layout.txt,222,2. Nombre de la entidad:,SEGURO SOCIAL DE SALUD (EsSalud),SEGURO SOCIAL DE SALUD (EsSalud),NOPA,NOPA/01,INSTRUMENTOS DE GESTION DE CALIDAD,INSTRUMENTOS DE GESTION DE CALIDAD,TEMPORAL,5,0,15,20,ELIMINACION,Archivo Central (opcional/intermedio),Ejecutar eliminacion documental conforme PCD/AGN.,Agotado el valor primario y vencidos plazos reglados en AG/AP/OAA.,2f49d1aabd12b861aca24fba0b4a0674796005e4dfe58b94caf701bc12199cf3
anexo2_layout.txt,222,2. Nombre de la entidad:,SEGURO SOCIAL DE SALUD (EsSalud),SEGURO SOCIAL DE SALUD (EsSalud),NOPA,NOPA/02,INFORMES TECNICOS-LEGALES,INFORMES TECNICOS-LEGALES,TEMPORAL,2,0,13,15,ELIMINACION,Archivo Central (opcional/intermedio),Ejecutar eliminacion documental conforme PCD/AGN.,Agotado el valor primario y vencidos plazos reglados en AG/AP/OAA.,84363828456fb67a91fcf8d928ad053df7bfa4a4510155af98dbccd988b23fc6
anexo2_layout.txt,222,2. Nombre de la entidad:,SEGURO SOCIAL DE SALUD (EsSalud),SEGURO SOCIAL DE SALUD (EsSalud),NOPA,NOPA/03,REGISTROS DE GESTION DE CALIDAD,REGISTROS DE GESTION DE CALIDAD,TEMPORAL,2,0,8,10,ELIMINACION,Archivo Central (opcional/intermedio),Ejecutar eliminacion documental conforme PCD/AGN.,Agotado el valor primario y vencidos plazos reglados en AG/AP/OAA.,5b8d1a2c768ed43da65ba1f3a70c9accee3e90ad5a03fd0d65364bbe2b9d5298
anexo2_layout.txt,222,2. Nombre de la entidad:,SEGURO SOCIAL DE SALUD (EsSalud),SEGURO SOCIAL DE SALUD (EsSalud),NOPA,NOPA/04,CORRESPONDENCIA,CORRESPONDENCIA,TEMPORAL,2,0,8,10,ELIMINACION,Archivo Central (opcional/intermedio),Ejecutar eliminacion documental conforme PCD/AGN.,Agotado el valor primario y vencidos plazos reglados en AG/AP/OAA.,29068a5a02187508329566f90ade9a6c691bb1b32feab615b449545eaf7ab4e6
anexo2_layout.txt,223,2. Nombre de la entidad:,SEGURO SOCIAL DE SALUD (EsSalud),SEGURO SOCIAL DE SALUD (EsSalud),AUAS,AUAS/01,CORRESPONDENCIA,CORRESPONDENCIA,TEMPORAL,2,0,8,10,ELIMINACION,Archivo Central (opcional/intermedio),Ejecutar eliminacion documental conforme PCD/AGN.,Agotado el valor primario y vencidos plazos reglados en AG/AP/OAA.,31465698b7f96879860b0f231866f0b9697b9bc9f0a1ef2e434f4bb8c9a82544
anexo2_layout.txt,224,2. Nombre de la entidad:,SEGURO SOCIAL DE SALUD (EsSalud),SEGURO SOCIAL DE SALUD (EsSalud),VPAS,VPAS/01,INDICADORES DE AUDITORIA,INDICADORES DE AUDITORIA,TEMPORAL,2,0,10,12,ELIMINACION,Archivo Central (opcional/intermedio),Ejecutar eliminacion documental conforme PCD/AGN.,Agotado el valor primario y vencidos plazos reglados en AG/AP/OAA.,71b3067698e51e8abc6be9c3a8652234951b0a2f29779f710e0d43d194810ec2
anexo2_layout.txt,224,2. Nombre de la entidad:,SEGURO SOCIAL DE SALUD (EsSalud),SEGURO SOCIAL DE SALUD (EsSalud),VPAS,VPAS/02,CORRESPONDENCIA,CORRESPONDENCIA,TEMPORAL,2,0,8,10,ELIMINACION,Archivo Central (opcional/intermedio),Ejecutar eliminacion documental conforme PCD/AGN.,Agotado el valor primario y vencidos plazos reglados en AG/AP/OAA.,0b01d5ed9994eafe1718910fe28d75dd39f5c3c6e0e7bf2e9c1a5bda0d665f6f
anexo2_layout.txt,225,2. Nombre de la entidad:,SEGURO SOCIAL DE SALUD (EsSalud),SEGURO SOCIAL DE SALUD (EsSalud),CORF,CORF/01,BOLETINES DE RECAUDACION Y FISCALIZACION,BOLETINES DE RECAUDACION Y FISCALIZACION,TEMPORAL,2,0,13,15,ELIMINACION,Archivo Central (opcional/intermedio),Ejecutar eliminacion documental conforme PCD/AGN.,Agotado el valor primario y vencidos plazos reglados en AG/AP/OAA.,8e9b335156ca392fb9a72c39e4b6adf605e9ba3eed875d92d9c270e91d6b5565
anexo2_layout.txt,225,2. Nombre de la entidad:,SEGURO SOCIAL DE SALUD (EsSalud),SEGURO SOCIAL DE SALUD (EsSalud),CORF,CORF/02,CORRESPONDENCIA,CORRESPONDENCIA,TEMPORAL,2,0,8,10,ELIMINACION,Archivo Central (opcional/intermedio),Ejecutar eliminacion documental conforme PCD/AGN.,Agotado el valor primario y vencidos plazos reglados en AG/AP/OAA.,79fec14d5bed7d57d260bfae45e622b7c950752849f78ab75113aa15b660a72e
anexo2_layout.txt,226,2. Nombre de la entidad:,SEGURO SOCIAL DE SALUD (EsSalud),SEGURO SOCIAL DE SALUD (EsSalud),GFIN,GFIN/01,EXPEDIENTES DE CONVENIOS,EXPEDIENTES DE CONVENIOS,PERMANENTE,5,0,25,30,TRANSFERENCIA,Archivo Central,Conservar en Archivo Central de forma indefinida.,Conservacion permanente segun PCD,cfc801b902295bc31453dc8b6b3ff5b693923003120f9047853029e433557075
anexo2_layout.txt,226,2. Nombre de la entidad:,SEGURO SOCIAL DE SALUD (EsSalud),SEGURO SOCIAL DE SALUD (EsSalud),GFIN,GFIN/02,EXPEDIENTES DE SEGUIMIENTO DE CONVENIOS,EXPEDIENTES DE SEGUIMIENTO DE CONVENIOS,TEMPORAL,5,0,10,15,ELIMINACION,Archivo Central (opcional/intermedio),Ejecutar eliminacion documental conforme PCD/AGN.,Agotado el valor primario y vencidos plazos reglados en AG/AP/OAA.,aa7297e3d24bfb489fce0400c8c9cb46affdbea28b59199b8bb26e611861afca
anexo2_layout.txt,226,2. Nombre de la entidad:,SEGURO SOCIAL DE SALUD (EsSalud),SEGURO SOCIAL DE SALUD (EsSalud),GFIN,GFIN/03,EXPEDIENTES DE SEGUIMIENTO DE CONTRATOS,EXPEDIENTES DE SEGUIMIENTO DE CONTRATOS,TEMPORAL,5,0,10,15,ELIMINACION,Archivo Central (opcional/intermedio),Ejecutar eliminacion documental conforme PCD/AGN.,Agotado el valor primario y vencidos plazos reglados en AG/AP/OAA.,7e23f49f38284735d39284aa45b6327fe1714e07218ccd1a3703da46e3b6622d
anexo2_layout.txt,226,2. Nombre de la entidad:,SEGURO SOCIAL DE SALUD (EsSalud),SEGURO SOCIAL DE SALUD (EsSalud),GFIN,GFIN/04,EXPEDIENTES DE SEGUIMIENTO DE ACUERDOS,EXPEDIENTES DE SEGUIMIENTO DE ACUERDOS,TEMPORAL,5,0,10,15,ELIMINACION,Archivo Central (opcional/intermedio),Ejecutar eliminacion documental conforme PCD/AGN.,Agotado el valor primario y vencidos plazos reglados en AG/AP/OAA.,e9518b2aba01dc5ca90737396788f2366c3021d43b4793c397ed01cbe41008ae
anexo2_layout.txt,226,2. Nombre de la entidad:,SEGURO SOCIAL DE SALUD (EsSalud),SEGURO SOCIAL DE SALUD (EsSalud),GFIN,GFIN/05,CORRESPONDENCIA,CORRESPONDENCIA,TEMPORAL,2,0,8,10,ELIMINACION,Archivo Central (opcional/intermedio),Ejecutar eliminacion documental conforme PCD/AGN.,Agotado el valor primario y vencidos plazos reglados en AG/AP/OAA.,12677c83828bad75f775e91680899e029de93f6f6bc0820ff8f5e26933f5976e
anexo2_layout.txt,227,2. Nombre de la entidad:,SEGURO SOCIAL DE SALUD (EsSalud),SEGURO SOCIAL DE SALUD (EsSalud),ACCO,ACCO/01,CORRESPONDENCIA,CORRESPONDENCIA,TEMPORAL,2,0,8,10,ELIMINACION,Archivo Central (opcional/intermedio),Ejecutar eliminacion documental conforme PCD/AGN.,Agotado el valor primario y vencidos plazos reglados en AG/AP/OAA.,59ecb8fa9ea49e0219bd7268f565187feaf143b7a9c7babcdd95a511d00a9567
anexo2_layout.txt,228,2. Nombre de la entidad:,SEGURO SOCIAL DE SALUD (EsSalud),SEGURO SOCIAL DE SALUD (EsSalud),ARSF,ARSF/01,CORRESPONDENCIA,CORRESPONDENCIA,TEMPORAL,2,0,8,10,ELIMINACION,Archivo Central (opcional/intermedio),Ejecutar eliminacion documental conforme PCD/AGN.,Agotado el valor primario y vencidos plazos reglados en AG/AP/OAA.,2944ea3950067d438745f7f80736b5cd3c36680fb1665185a8ce482ece71cf9b
anexo2_layout.txt,229,2. Nombre de la entidad:,SEGURO SOCIAL DE SALUD (EsSalud),SEGURO SOCIAL DE SALUD (EsSalud),PLAS,PLAS/01,RESOLUCIONES,RESOLUCIONES,PERMANENTE,2,0,28,30,TRANSFERENCIA,Archivo Central,Conservar en Archivo Central de forma indefinida.,Conservacion permanente segun PCD,015e881ea551ed7fa17f26baa08d83fabebdef8abeef920abd83b18baa54fbc9
anexo2_layout.txt,229,2. Nombre de la entidad:,SEGURO SOCIAL DE SALUD (EsSalud),SEGURO SOCIAL DE SALUD (EsSalud),PLAS,PLAS/02,ACTAS,ACTAS,TEMPORAL,2,0,13,15,ELIMINACION,Archivo Central (opcional/intermedio),Ejecutar eliminacion documental conforme PCD/AGN.,Agotado el valor primario y vencidos plazos reglados en AG/AP/OAA.,5431cae577bb718c12009eb19c54a452d8b78c3c78b89e5c4c11247ce6518c05
anexo2_layout.txt,229,2. Nombre de la entidad:,SEGURO SOCIAL DE SALUD (EsSalud),SEGURO SOCIAL DE SALUD (EsSalud),PLAS,PLAS/03,CORRESPONDENCIA,CORRESPONDENCIA,TEMPORAL,2,0,8,10,ELIMINACION,Archivo Central (opcional/intermedio),Ejecutar eliminacion documental conforme PCD/AGN.,Agotado el valor primario y vencidos plazos reglados en AG/AP/OAA.,7381be24074fcf1de97fb439bc07158eac75e0c23f3ace05ce4df2668e2db7a4
anexo2_layout.txt,230,2. Nombre de la entidad:,SEGURO SOCIAL DE SALUD (EsSalud),SEGURO SOCIAL DE SALUD (EsSalud),CANA,CANA/01,ACTAS,ACTAS,TEMPORAL,2,0,13,15,ELIMINACION,Archivo Central (opcional/intermedio),Ejecutar eliminacion documental conforme PCD/AGN.,Agotado el valor primario y vencidos plazos reglados en AG/AP/OAA.,760c8f07c639e15074ecba13bfd3ec04d6f57aba8442fe78b6346548a785e2f0
anexo2_layout.txt,230,2. Nombre de la entidad:,SEGURO SOCIAL DE SALUD (EsSalud),SEGURO SOCIAL DE SALUD (EsSalud),CANA,CANA/02,CORRESPONDENCIA,CORRESPONDENCIA,TEMPORAL,2,0,8,10,ELIMINACION,Archivo Central (opcional/intermedio),Ejecutar eliminacion documental conforme PCD/AGN.,Agotado el valor primario y vencidos plazos reglados en AG/AP/OAA.,785b75d88bfaeeca135cafc6575e3fae039569a145550b204b0fab6e92e17eac
anexo2_layout.txt,231,2. Nombre de la entidad:,SEGURO SOCIAL DE SALUD (EsSalud),SEGURO SOCIAL DE SALUD (EsSalud),ATCL,ATCL/01,AFILIACIONES AL SEGURO DE ACCIDENTES,AFILIACIONES AL SEGURO DE ACCIDENTES,TEMPORAL,10,0,15,25,ELIMINACION,Archivo Central (opcional/intermedio),Ejecutar eliminacion documental conforme PCD/AGN.,Agotado el valor primario y vencidos plazos reglados en AG/AP/OAA.,91e1bfe4bec4cd2d7698ed143646d7c2a1879582f4f054e68a15da12fc64a64d
anexo2_layout.txt,231,2. Nombre de la entidad:,SEGURO SOCIAL DE SALUD (EsSalud),SEGURO SOCIAL DE SALUD (EsSalud),ATCL,ATCL/02,ACTAS,ACTAS,TEMPORAL,2,0,10,12,ELIMINACION,Archivo Central (opcional/intermedio),Ejecutar eliminacion documental conforme PCD/AGN.,Agotado el valor primario y vencidos plazos reglados en AG/AP/OAA.,368e8a041d3d392aea02884c82f0056e315634d06aac2d48d0fe8304026544e1
anexo2_layout.txt,231,2. Nombre de la entidad:,SEGURO SOCIAL DE SALUD (EsSalud),SEGURO SOCIAL DE SALUD (EsSalud),ATCL,ATCL/03,EXPEDIENTES DE SINIESTROS DEL SEGURO DE ACCIDENTES,EXPEDIENTES DE SINIESTROS DEL SEGURO DE ACCIDENTES,TEMPORAL,3,0,7,10,ELIMINACION,Archivo Central (opcional/intermedio),Ejecutar eliminacion documental conforme PCD/AGN.,Agotado el valor primario y vencidos plazos reglados en AG/AP/OAA.,a688352220e2564342240b9010b824d4f7718e611ab205b184e76c7d8ad2b7a6
anexo2_layout.txt,231,2. Nombre de la entidad:,SEGURO SOCIAL DE SALUD (EsSalud),SEGURO SOCIAL DE SALUD (EsSalud),ATCL,ATCL/04,AFILIACIONES AL SEGURO DE ACCIDENTES DEL PESCADOR,AFILIACIONES AL SEGURO DE ACCIDENTES DEL PESCADOR,TEMPORAL,3,0,7,10,ELIMINACION,Archivo Central (opcional/intermedio),Ejecutar eliminacion documental conforme PCD/AGN.,Agotado el valor primario y vencidos plazos reglados en AG/AP/OAA.,1f66e2ab0a87b6bfeed85c93997a1d84ba42716c2021811e30fea6e559010cb2
anexo2_layout.txt,231,2. Nombre de la entidad:,SEGURO SOCIAL DE SALUD (EsSalud),SEGURO SOCIAL DE SALUD (EsSalud),ATCL,ATCL/05,CORRESPONDENCIA,CORRESPONDENCIA,TEMPORAL,2,0,8,10,ELIMINACION,Archivo Central (opcional/intermedio),Ejecutar eliminacion documental conforme PCD/AGN.,Agotado el valor primario y vencidos plazos reglados en AG/AP/OAA.,b948812010779e0f9daa6cfac079417acd230be82e074ede3fcfa17f9e2f485a
anexo2_layout.txt,232,2. Nombre de la entidad:,SEGURO SOCIAL DE SALUD (EsSalud),SEGURO SOCIAL DE SALUD (EsSalud),SUAS,SUAS/01,RESOLUCIONES,RESOLUCIONES,PERMANENTE,2,0,25,27,TRANSFERENCIA,Archivo Central,Conservar en Archivo Central de forma indefinida.,Conservacion permanente segun PCD,fb7cc91df63d70a3c3f4218c2df45f52b2d45932ab62658bc6ac7540ff6747ef
anexo2_layout.txt,232,2. Nombre de la entidad:,SEGURO SOCIAL DE SALUD (EsSalud),SEGURO SOCIAL DE SALUD (EsSalud),SUAS,SUAS/02,LIQUIDACIONES DE BENEFICIOS SOCIALES DE ARTISTAS,LIQUIDACIONES DE BENEFICIOS SOCIALES DE ARTISTAS,TEMPORAL,10,0,5,15,ELIMINACION,Archivo Central (opcional/intermedio),Ejecutar eliminacion documental conforme PCD/AGN.,Agotado el valor primario y vencidos plazos reglados en AG/AP/OAA.,618c05c11639d7d71e83e0f05394ba243263dbeec1360903078165dd7423fdb0
anexo2_layout.txt,232,2. Nombre de la entidad:,SEGURO SOCIAL DE SALUD (EsSalud),SEGURO SOCIAL DE SALUD (EsSalud),SUAS,SUAS/03,ACTAS,ACTAS,TEMPORAL,2,0,10,12,ELIMINACION,Archivo Central (opcional/intermedio),Ejecutar eliminacion documental conforme PCD/AGN.,Agotado el valor primario y vencidos plazos reglados en AG/AP/OAA.,b694eef7324dd7d717ba23a80b70c9eb89f3c1e9d733ff6a32b94f1250c13d44
anexo2_layout.txt,232,2. Nombre de la entidad:,SEGURO SOCIAL DE SALUD (EsSalud),SEGURO SOCIAL DE SALUD (EsSalud),SUAS,SUAS/04,CORRESPONDENCIA,CORRESPONDENCIA,TEMPORAL,2,0,8,10,ELIMINACION,Archivo Central (opcional/intermedio),Ejecutar eliminacion documental conforme PCD/AGN.,Agotado el valor primario y vencidos plazos reglados en AG/AP/OAA.,6365ea7d039642c27152632a42895d18df727d8f58e5d31170114b4642c45f73
anexo2_layout.txt,233,2. Nombre de la entidad:,SEGURO SOCIAL DE SALUD (EsSalud),SEGURO SOCIAL DE SALUD (EsSalud),OASE,OASE/01,EXPEDIENTES DE VERIFICACIONES,EXPEDIENTES DE VERIFICACIONES,PERMANENTE,3,0,27,30,TRANSFERENCIA,Archivo Central,Conservar en Archivo Central de forma indefinida.,Conservacion permanente segun PCD,21f4fd1167e73f55bd98b5b652a3d89d0c69f469fdf9d27540ecd3f389239982
anexo2_layout.txt,233,2. Nombre de la entidad:,SEGURO SOCIAL DE SALUD (EsSalud),SEGURO SOCIAL DE SALUD (EsSalud),OASE,OASE/02,EXPEDIENTES DE CONTROL POSTERIOR Y FISCALIZACION,EXPEDIENTES DE CONTROL POSTERIOR Y FISCALIZACION,PERMANENTE,3,0,27,30,TRANSFERENCIA,Archivo Central,Conservar en Archivo Central de forma indefinida.,Conservacion permanente segun PCD,c38776dbf66412f998f53fa15351eeba0da544e22395c07e97a47413c619cf6b
anexo2_layout.txt,233,2. Nombre de la entidad:,SEGURO SOCIAL DE SALUD (EsSalud),SEGURO SOCIAL DE SALUD (EsSalud),OASE,OASE/03,EXPEDIENTES DE AUDITORIAS,EXPEDIENTES DE AUDITORIAS,TEMPORAL,2,0,8,10,ELIMINACION,Archivo Central (opcional/intermedio),Ejecutar eliminacion documental conforme PCD/AGN.,Agotado el valor primario y vencidos plazos reglados en AG/AP/OAA.,e0e7e6ed93c7023ee0ab2094e04bbf98e7443891502829cf62d59ca35fc4f0a7
anexo2_layout.txt,233,2. Nombre de la entidad:,SEGURO SOCIAL DE SALUD (EsSalud),SEGURO SOCIAL DE SALUD (EsSalud),OASE,OASE/04,ACREDITACIONES COMPLEMENTARIAS,ACREDITACIONES COMPLEMENTARIAS,TEMPORAL,2,0,8,10,ELIMINACION,Archivo Central (opcional/intermedio),Ejecutar eliminacion documental conforme PCD/AGN.,Agotado el valor primario y vencidos plazos reglados en AG/AP/OAA.,d4c13d5a3ebb685346322357e118f14d5200ed4bb0128777a80e43cc0e020d39
anexo2_layout.txt,233,2. Nombre de la entidad:,SEGURO SOCIAL DE SALUD (EsSalud),SEGURO SOCIAL DE SALUD (EsSalud),OASE,OASE/05,ACTUALIZACIONES DE DATOS,ACTUALIZACIONES DE DATOS,TEMPORAL,2,0,8,10,ELIMINACION,Archivo Central (opcional/intermedio),Ejecutar eliminacion documental conforme PCD/AGN.,Agotado el valor primario y vencidos plazos reglados en AG/AP/OAA.,330ef57f56756f1ec61309a01a8d78787e937dde62a4d9394fa0f8bb3fd966de
anexo2_layout.txt,233,2. Nombre de la entidad:,SEGURO SOCIAL DE SALUD (EsSalud),SEGURO SOCIAL DE SALUD (EsSalud),OASE,OASE/06,EXPEDIENTES DE INTERCAMBIOS PRESTACIONALES,EXPEDIENTES DE INTERCAMBIOS PRESTACIONALES,TEMPORAL,2,0,8,10,ELIMINACION,Archivo Central (opcional/intermedio),Ejecutar eliminacion documental conforme PCD/AGN.,Agotado el valor primario y vencidos plazos reglados en AG/AP/OAA.,cfbf95e273d8c66211140ae9be4d2d2aae7ec58b452b3221175f3177369b071b
anexo2_layout.txt,233,2. Nombre de la entidad:,SEGURO SOCIAL DE SALUD (EsSalud),SEGURO SOCIAL DE SALUD (EsSalud),OASE,OASE/07,AUTORIZACIONES PARA ATENCIÓN MEDICA EXTRAINSTITUCIONAL,AUTORIZACIONES PARA ATENCIÓN MEDICA EXTRAINSTITUCIONAL,TEMPORAL,2,0,8,10,ELIMINACION,Archivo Central (opcional/intermedio),Ejecutar eliminacion documental conforme PCD/AGN.,Agotado el valor primario y vencidos plazos reglados en AG/AP/OAA.,5e1a4249bafa6790ec1373403caaed0121f78fa964413478e33f0d186cfc6cb6
anexo2_layout.txt,233,2. Nombre de la entidad:,SEGURO SOCIAL DE SALUD (EsSalud),SEGURO SOCIAL DE SALUD (EsSalud),OASE,OASE/08,CORRESPONDENCIA,CORRESPONDENCIA,TEMPORAL,2,0,8,10,ELIMINACION,Archivo Central (opcional/intermedio),Ejecutar eliminacion documental conforme PCD/AGN.,Agotado el valor primario y vencidos plazos reglados en AG/AP/OAA.,66594addb60bd7c440141a352b643b82ec74e253703c190c0db807bdbdaa66b8
anexo2_layout.txt,233,2. Nombre de la entidad:,SEGURO SOCIAL DE SALUD (EsSalud),SEGURO SOCIAL DE SALUD (EsSalud),OASE,OASE/09,REGISTROS DE GESTION DE CALIDAD,REGISTROS DE GESTION DE CALIDAD,TEMPORAL,2,0,3,5,ELIMINACION,Archivo de Gestion/Periferico,Ejecutar eliminacion documental conforme PCD/AGN.,Agotado el valor primario y vencidos plazos reglados en AG/AP/OAA.,0460db489a7dbe0dbf1263fe95ae19ac317f4e62929f70d3b0de0d9d34ecdf7a
anexo2_layout.txt,234,2. Nombre de la entidad:,SEGURO SOCIAL DE SALUD (EsSalud),SEGURO SOCIAL DE SALUD (EsSalud),AGSE,AGSE/1,RESOLUCIONES,RESOLUCIONES,PERMANENTE,2,0,28,30,TRANSFERENCIA,Archivo Central,Conservar en Archivo Central de forma indefinida.,Conservacion permanente segun PCD,832b83da15c836bf6ecc68e3393b2e3862ff5640db1742efdfff0f911308bf11
anexo2_layout.txt,234,2. Nombre de la entidad:,SEGURO SOCIAL DE SALUD (EsSalud),SEGURO SOCIAL DE SALUD (EsSalud),AGSE,AGSE/2,REGISTRO DE ASEGURADOS,REGISTRO DE ASEGURADOS,TEMPORAL,2,0,8,10,ELIMINACION,Archivo Central (opcional/intermedio),Ejecutar eliminacion documental conforme PCD/AGN.,Agotado el valor primario y vencidos plazos reglados en AG/AP/OAA.,431976c399d66033383100295ac9c8b429a4e1df067aabef264850fe3c37fe3c
anexo2_layout.txt,234,2. Nombre de la entidad:,SEGURO SOCIAL DE SALUD (EsSalud),SEGURO SOCIAL DE SALUD (EsSalud),AGSE,AGSE/3,REGISTRO DE ENTIDADES EMPLEADORAS,REGISTRO DE ENTIDADES EMPLEADORAS,TEMPORAL,2,0,8,10,ELIMINACION,Archivo Central (opcional/intermedio),Ejecutar eliminacion documental conforme PCD/AGN.,Agotado el valor primario y vencidos plazos reglados en AG/AP/OAA.,db109e6370836ee84bf6eb06e890cf13ce19fe6a5afa293bccb2dafd680588ac
anexo2_layout.txt,234,2. Nombre de la entidad:,SEGURO SOCIAL DE SALUD (EsSalud),SEGURO SOCIAL DE SALUD (EsSalud),AGSE,AGSE/6,AFILIACIONES AL SEGURO INDEPENDIENTE,AFILIACIONES AL SEGURO INDEPENDIENTE,TEMPORAL,2,0,8,10,ELIMINACION,Archivo Central (opcional/intermedio),Ejecutar eliminacion documental conforme PCD/AGN.,Agotado el valor primario y vencidos plazos reglados en AG/AP/OAA.,178216f3cd1411eb4d032338359c90a79d49c70a397e87e0b90dc3e4447d89f4
anexo2_layout.txt,234,2. Nombre de la entidad:,SEGURO SOCIAL DE SALUD (EsSalud),SEGURO SOCIAL DE SALUD (EsSalud),AGSE,AGSE/7,AUTORIZACIONES POR PRESTACION DE MATERNIDAD,AUTORIZACIONES POR PRESTACION DE MATERNIDAD,TEMPORAL,2,0,8,10,ELIMINACION,Archivo Central (opcional/intermedio),Ejecutar eliminacion documental conforme PCD/AGN.,Agotado el valor primario y vencidos plazos reglados en AG/AP/OAA.,37886feb590d064d17c9d2ec2c159fe0da6bc377428d5f5c12601e104ebcf32e
anexo2_layout.txt,234,2. Nombre de la entidad:,SEGURO SOCIAL DE SALUD (EsSalud),SEGURO SOCIAL DE SALUD (EsSalud),AGSE,AGSE/10,"REPORTES DE ALTAS, BAJAS Y CAMBIOS","REPORTES DE ALTAS, BAJAS Y CAMBIOS",TEMPORAL,2,0,8,10,ELIMINACION,Archivo Central (opcional/intermedio),Ejecutar eliminacion documental conforme PCD/AGN.,Agotado el valor primario y vencidos plazos reglados en AG/AP/OAA.,38c137a0134f7b92268bca73185fa5adb6d62c05cd74e9fda1b4e10883a79f3b
anexo2_layout.txt,234,2. Nombre de la entidad:,SEGURO SOCIAL DE SALUD (EsSalud),SEGURO SOCIAL DE SALUD (EsSalud),AGEN,AGEN/11,ACREDITACIONES COMPLEMENTARIAS,ACREDITACIONES COMPLEMENTARIAS,TEMPORAL,2,0,8,10,ELIMINACION,Archivo Central (opcional/intermedio),Ejecutar eliminacion documental conforme PCD/AGN.,Agotado el valor primario y vencidos plazos reglados en AG/AP/OAA.,e9726ae8fab12ddd943b5fae2efaf5422db269b959f57e7c53f1309387913b02
anexo2_layout.txt,234,2. Nombre de la entidad:,SEGURO SOCIAL DE SALUD (EsSalud),SEGURO SOCIAL DE SALUD (EsSalud),AGEN,AGEN/12,LIBROS DE RECLAMACIONES,LIBROS DE RECLAMACIONES,TEMPORAL,2,0,8,10,ELIMINACION,Archivo Central (opcional/intermedio),Ejecutar eliminacion documental conforme PCD/AGN.,Agotado el valor primario y vencidos plazos reglados en AG/AP/OAA.,5d7eabcf3e6d6312a3ddc3ec1d851768e62209084f12215cdb0adbe21e1f7461
anexo2_layout.txt,234,2. Nombre de la entidad:,SEGURO SOCIAL DE SALUD (EsSalud),SEGURO SOCIAL DE SALUD (EsSalud),AGEN,AGEN/13,CORRESPONDENCIA,CORRESPONDENCIA,TEMPORAL,2,0,8,10,ELIMINACION,Archivo Central (opcional/intermedio),Ejecutar eliminacion documental conforme PCD/AGN.,Agotado el valor primario y vencidos plazos reglados en AG/AP/OAA.,facf3fe702350b620f58794596ef71fcb3e8249b556b2b204392e817db9833a9
anexo2_layout.txt,234,2. Nombre de la entidad:,SEGURO SOCIAL DE SALUD (EsSalud),SEGURO SOCIAL DE SALUD (EsSalud),AGEN,AGEN/14,REGISTROS DE GESTION DE CALIDAD,REGISTROS DE GESTION DE CALIDAD,TEMPORAL,2,0,3,5,ELIMINACION,Archivo de Gestion/Periferico,Ejecutar eliminacion documental conforme PCD/AGN.,Agotado el valor primario y vencidos plazos reglados en AG/AP/OAA.,24d4e5bef98ff08a18635db00d1a58b01020125ec062d43a7993bf066c3087b2
